Object Type,Package,Procedure,SQL Object Name,Target Table,Target Column,Source Table,Source Column,Transformation
PKG Procedure,PKG_GRP_LOAD_RPT_AGENT_R,PRC_GET_CUR_DATA,PKG_GRP_LOAD_RPT_AGENT_R_PRC_GET_CUR_DATA,RPT_AGENT_R_EXG,D_AGENT_BUSINESS_FROM_R,DIM_GRP_AGENT_R,D_BUSINESS_FROM_R,Direct
PKG Procedure,PKG_GRP_LOAD_RPT_AGENT_R,PRC_GET_CUR_DATA,PKG_GRP_LOAD_RPT_AGENT_R_PRC_GET_CUR_DATA,RPT_AGENT_R_EXG,D_AGENT_DATE_OF_BIRTH_R,DIM_GRP_AGENT_R,V_DOB_R,Direct
PKG Procedure,PKG_GRP_LOAD_RPT_AGENT_R,PRC_GET_CUR_DATA,PKG_GRP_LOAD_RPT_AGENT_R_PRC_GET_CUR_DATA,RPT_AGENT_R_EXG,D_AGENT_DATE_OF_DEATH_R,DIM_GRP_AGENT_R,D_DATE_OF_DEATH_R,Direct
PKG Procedure,PKG_GRP_LOAD_RPT_AGENT_R,PRC_GET_CUR_DATA,PKG_GRP_LOAD_RPT_AGENT_R_PRC_GET_CUR_DATA,RPT_AGENT_R_EXG,N_AGENT_PARTY_SK_R,DIM_GRP_AGENT_DIRECTORY_R,N_PARTY_SK_R,case-when -> NVL
PKG Procedure,PKG_GRP_LOAD_RPT_AGENT_R,PRC_GET_CUR_DATA,PKG_GRP_LOAD_RPT_AGENT_R_PRC_GET_CUR_DATA,RPT_AGENT_R_EXG,N_AGENT_SK_R,DIM_GRP_AGENT_DIRECTORY_R,N_AGENT_SK_R,Direct
PKG Procedure,PKG_GRP_LOAD_RPT_AGENT_R,PRC_GET_CUR_DATA,PKG_GRP_LOAD_RPT_AGENT_R_PRC_GET_CUR_DATA,RPT_AGENT_R_EXG,N_BATCH_ID_R,,,Constant / Expression
PKG Procedure,PKG_GRP_LOAD_RPT_AGENT_R,PRC_GET_CUR_DATA,PKG_GRP_LOAD_RPT_AGENT_R_PRC_GET_CUR_DATA,RPT_AGENT_R_EXG,N_IS_AGENCY_R,DIM_GRP_AGENT_R,N_IS_AGENCY_R,Direct
PKG Procedure,PKG_GRP_LOAD_RPT_AGENT_R,PRC_GET_CUR_DATA,PKG_GRP_LOAD_RPT_AGENT_R_PRC_GET_CUR_DATA,RPT_AGENT_R_EXG,N_REPORTMONTH_R,,,Constant / Expression
PKG Procedure,PKG_GRP_LOAD_RPT_AGENT_R,PRC_GET_CUR_DATA,PKG_GRP_LOAD_RPT_AGENT_R_PRC_GET_CUR_DATA,RPT_AGENT_R_EXG,T_CREATION_DATE_R,,,Constant / Expression
PKG Procedure,PKG_GRP_LOAD_RPT_AGENT_R,PRC_GET_CUR_DATA,PKG_GRP_LOAD_RPT_AGENT_R_PRC_GET_CUR_DATA,RPT_AGENT_R_EXG,T_LAST_MODIFIED_DATE_R,,,Constant / Expression
PKG Procedure,PKG_GRP_LOAD_RPT_AGENT_R,PRC_GET_CUR_DATA,PKG_GRP_LOAD_RPT_AGENT_R_PRC_GET_CUR_DATA,RPT_AGENT_R_EXG,V_AGENCY_NAME_R,DIM_GRP_AGENT_R,V_FULL_NAME_R,Direct
PKG Procedure,PKG_GRP_LOAD_RPT_AGENT_R,PRC_GET_CUR_DATA,PKG_GRP_LOAD_RPT_AGENT_R_PRC_GET_CUR_DATA,RPT_AGENT_R_EXG,V_AGENCY_code_R,DIM_GRP_AGENT_R,V_AGENT_NUMBER_R,SUBSTR
PKG Procedure,PKG_GRP_LOAD_RPT_AGENT_R,PRC_GET_CUR_DATA,PKG_GRP_LOAD_RPT_AGENT_R_PRC_GET_CUR_DATA,RPT_AGENT_R_EXG,V_AGENT_ADDRESS_1_R,FCT_GRP_PARTY_ADDRESS_R,V_ADDRESSLINE1_R,Direct
PKG Procedure,PKG_GRP_LOAD_RPT_AGENT_R,PRC_GET_CUR_DATA,PKG_GRP_LOAD_RPT_AGENT_R_PRC_GET_CUR_DATA,RPT_AGENT_R_EXG,V_AGENT_ADDRESS_2_R,FCT_GRP_PARTY_ADDRESS_R,V_ADDRESSLINE2_R,Direct
PKG Procedure,PKG_GRP_LOAD_RPT_AGENT_R,PRC_GET_CUR_DATA,PKG_GRP_LOAD_RPT_AGENT_R_PRC_GET_CUR_DATA,RPT_AGENT_R_EXG,V_AGENT_ADDRESS_3_R,FCT_GRP_PARTY_ADDRESS_R,V_ADDRESSLINE3_R,Direct
PKG Procedure,PKG_GRP_LOAD_RPT_AGENT_R,PRC_GET_CUR_DATA,PKG_GRP_LOAD_RPT_AGENT_R_PRC_GET_CUR_DATA,RPT_AGENT_R_EXG,V_AGENT_CITY_R,FCT_GRP_PARTY_ADDRESS_R,V_CITY_R,Direct
PKG Procedure,PKG_GRP_LOAD_RPT_AGENT_R,PRC_GET_CUR_DATA,PKG_GRP_LOAD_RPT_AGENT_R_PRC_GET_CUR_DATA,RPT_AGENT_R_EXG,V_AGENT_CODE_R,DIM_GRP_AGENT_R,V_AGENT_NUMBER_R,Direct
PKG Procedure,PKG_GRP_LOAD_RPT_AGENT_R,PRC_GET_CUR_DATA,PKG_GRP_LOAD_RPT_AGENT_R_PRC_GET_CUR_DATA,RPT_AGENT_R_EXG,V_AGENT_CORPORATION_TYPE_R,DIM_GRP_AGENT_R,V_CORPORATION_TYPE_R,Direct
PKG Procedure,PKG_GRP_LOAD_RPT_AGENT_R,PRC_GET_CUR_DATA,PKG_GRP_LOAD_RPT_AGENT_R_PRC_GET_CUR_DATA,RPT_AGENT_R_EXG,V_AGENT_FIRST_NAME_R,DIM_GRP_AGENT_R,V_FIRST_NAME_R,Direct
PKG Procedure,PKG_GRP_LOAD_RPT_AGENT_R,PRC_GET_CUR_DATA,PKG_GRP_LOAD_RPT_AGENT_R_PRC_GET_CUR_DATA,RPT_AGENT_R_EXG,V_AGENT_GENDER_R,DIM_GRP_AGENT_R,V_GENDER_TEXT_R,Direct
PKG Procedure,PKG_GRP_LOAD_RPT_AGENT_R,PRC_GET_CUR_DATA,PKG_GRP_LOAD_RPT_AGENT_R_PRC_GET_CUR_DATA,RPT_AGENT_R_EXG,V_AGENT_LAST_NAME_R,DIM_GRP_AGENT_R,V_LAST_NAME_R,Direct
PKG Procedure,PKG_GRP_LOAD_RPT_AGENT_R,PRC_GET_CUR_DATA,PKG_GRP_LOAD_RPT_AGENT_R_PRC_GET_CUR_DATA,RPT_AGENT_R_EXG,V_AGENT_MIDDLE_NAME_R,DIM_GRP_AGENT_R,V_MIDDLE_NAME_R,Direct
PKG Procedure,PKG_GRP_LOAD_RPT_AGENT_R,PRC_GET_CUR_DATA,PKG_GRP_LOAD_RPT_AGENT_R_PRC_GET_CUR_DATA,RPT_AGENT_R_EXG,V_AGENT_NAME_R,DIM_GRP_AGENT_R,V_FULL_NAME_R,Direct
PKG Procedure,PKG_GRP_LOAD_RPT_AGENT_R,PRC_GET_CUR_DATA,PKG_GRP_LOAD_RPT_AGENT_R_PRC_GET_CUR_DATA,RPT_AGENT_R_EXG,V_AGENT_NPN_R,DIM_GRP_AGENT_R,V_NPN_R,Direct
PKG Procedure,PKG_GRP_LOAD_RPT_AGENT_R,PRC_GET_CUR_DATA,PKG_GRP_LOAD_RPT_AGENT_R_PRC_GET_CUR_DATA,RPT_AGENT_R_EXG,V_AGENT_RSO_NAME_R,DIM_GRP_AGENT_R,V_FIELD_OFFICE_NAME_R,Direct
PKG Procedure,PKG_GRP_LOAD_RPT_AGENT_R,PRC_GET_CUR_DATA,PKG_GRP_LOAD_RPT_AGENT_R_PRC_GET_CUR_DATA,RPT_AGENT_R_EXG,V_AGENT_STATE_R,FCT_GRP_PARTY_ADDRESS_R,V_STATE_NAME_R,Direct
PKG Procedure,PKG_GRP_LOAD_RPT_AGENT_R,PRC_GET_CUR_DATA,PKG_GRP_LOAD_RPT_AGENT_R_PRC_GET_CUR_DATA,RPT_AGENT_R_EXG,V_AGENT_STATUS_R,DIM_GRP_AGENT_R,V_STATUS_R,Direct
PKG Procedure,PKG_GRP_LOAD_RPT_AGENT_R,PRC_GET_CUR_DATA,PKG_GRP_LOAD_RPT_AGENT_R_PRC_GET_CUR_DATA,RPT_AGENT_R_EXG,V_AGENT_STATUS_REASON_R,DIM_GRP_AGENT_R,V_REASON_R,Direct
PKG Procedure,PKG_GRP_LOAD_RPT_AGENT_R,PRC_GET_CUR_DATA,PKG_GRP_LOAD_RPT_AGENT_R_PRC_GET_CUR_DATA,RPT_AGENT_R_EXG,V_AGENT_TIN_R,DIM_GRP_AGENT_R,V_SSN_R,Direct
PKG Procedure,PKG_GRP_LOAD_RPT_AGENT_R,PRC_GET_CUR_DATA,PKG_GRP_LOAD_RPT_AGENT_R_PRC_GET_CUR_DATA,RPT_AGENT_R_EXG,V_AGENT_ZIP_CODE_R,FCT_GRP_PARTY_ADDRESS_R,V_POSTAL_ZIP_R,Direct
PKG Procedure,PKG_GRP_LOAD_RPT_AGENT_R,PRC_GET_CUR_DATA,PKG_GRP_LOAD_RPT_AGENT_R_PRC_GET_CUR_DATA,RPT_AGENT_R_EXG,V_BUSINESS_TYPE_R,DIM_GRP_AGENT_R,F_BUSINESS_TYPE_R,Direct
PKG Procedure,PKG_GRP_LOAD_RPT_AGENT_R,PRC_GET_CUR_DATA,PKG_GRP_LOAD_RPT_AGENT_R_PRC_GET_CUR_DATA,RPT_AGENT_R_EXG,V_CREATED_BY_R,,,Constant / Expression
PKG Procedure,PKG_GRP_LOAD_RPT_AGENT_R,PRC_GET_CUR_DATA,PKG_GRP_LOAD_RPT_AGENT_R_PRC_GET_CUR_DATA,RPT_AGENT_R_EXG,V_LAST_MODIFIED_BY_R,,,Constant / Expression
PKG Procedure,PKG_GRP_LOAD_RPT_AGENT_R,PRC_GET_CUR_DATA,PKG_GRP_LOAD_RPT_AGENT_R_PRC_GET_CUR_DATA,RPT_AGENT_R_EXG,V_PRODUCER_NAME_R,stg_premier_producer_desc_r,V_BROKER_DESC_R,Direct
PKG Procedure,PKG_GRP_LOAD_RPT_AGENT_R,PRC_GET_CUR_DATA,PKG_GRP_LOAD_RPT_AGENT_R_PRC_GET_CUR_DATA,RPT_AGENT_R_EXG,V_RPT_ACTIVE_STATUS_R,,,Constant / Expression
PKG Procedure,PKG_GRP_LOAD_RPT_AGENT_R,PRC_GET_CUR_DATA,PKG_GRP_LOAD_RPT_AGENT_R_PRC_GET_CUR_DATA,RPT_AGENT_R_EXG,v_agent_msa_code_r,STG_CMSA_R,V_MSA_R,Direct
PKG Procedure,PKG_GRP_LOAD_RPT_AGENT_R,PRC_GET_CUR_DATA,PKG_GRP_LOAD_RPT_AGENT_R_PRC_GET_CUR_DATA,RPT_AGENT_R_EXG,v_agent_msa_name_r,STG_CMSA_R,V_MSA_NAME_R,Direct
PKG Procedure,PKG_GRP_LOAD_RPT_AGENT_R,PRC_INSERT_DUMMY_REC,PKG_GRP_LOAD_RPT_AGENT_R_PRC_INSERT_DUMMY_REC,RPT_AGENT_R,N_REPORTMONTH_R,RPT_AGENT_R,gn_current_month,Direct
PKG Procedure,PKG_GRP_LOAD_RPT_AGENT_R,PRC_INSERT_DUMMY_REC,PKG_GRP_LOAD_RPT_AGENT_R_PRC_INSERT_DUMMY_REC,RPT_AGENT_R,n_batch_id_r,RPT_AGENT_R,gn_sysdt_batchid,Direct
PKG Procedure,PKG_GRP_LOAD_RPT_AGENT_R,PRC_INSERT_DUMMY_REC,PKG_GRP_LOAD_RPT_AGENT_R_PRC_INSERT_DUMMY_REC,RPT_AGENT_R,t_creation_date_r,RPT_AGENT_R,gd_sysdate,Direct
PKG Procedure,PKG_GRP_LOAD_RPT_AGENT_R,PRC_INSERT_DUMMY_REC,PKG_GRP_LOAD_RPT_AGENT_R_PRC_INSERT_DUMMY_REC,RPT_AGENT_R,t_last_modified_date_r,RPT_AGENT_R,gd_sysdate,Direct
PKG Procedure,PKG_GRP_LOAD_RPT_AGENT_R,PRC_INSERT_DUMMY_REC,PKG_GRP_LOAD_RPT_AGENT_R_PRC_INSERT_DUMMY_REC,RPT_AGENT_R,v_created_by_r,RPT_AGENT_R,gc_main_loadedby,Direct
PKG Procedure,PKG_GRP_LOAD_RPT_AGENT_R,PRC_INSERT_DUMMY_REC,PKG_GRP_LOAD_RPT_AGENT_R_PRC_INSERT_DUMMY_REC,RPT_AGENT_R,v_last_modified_by_r,RPT_AGENT_R,gc_main_loadedby,Direct
PKG Procedure,PKG_GRP_LOAD_RPT_BILLGROUP_R,PRC_GET_CUR_DATA,PKG_GRP_LOAD_RPT_BILLGROUP_R_PRC_GET_CUR_DATA,rpt_billgroup_r_exg,d_billed_to_r,dim_grp_billing_pol_billgrp_r,d_billed_to_r,Direct
PKG Procedure,PKG_GRP_LOAD_RPT_BILLGROUP_R,PRC_GET_CUR_DATA,PKG_GRP_LOAD_RPT_BILLGROUP_R_PRC_GET_CUR_DATA,rpt_billgroup_r_exg,d_billgroup_delete_date_r,,,Constant / Expression
PKG Procedure,PKG_GRP_LOAD_RPT_BILLGROUP_R,PRC_GET_CUR_DATA,PKG_GRP_LOAD_RPT_BILLGROUP_R_PRC_GET_CUR_DATA,rpt_billgroup_r_exg,d_billgroup_effective_date_r,,,Constant / Expression
PKG Procedure,PKG_GRP_LOAD_RPT_BILLGROUP_R,PRC_GET_CUR_DATA,PKG_GRP_LOAD_RPT_BILLGROUP_R_PRC_GET_CUR_DATA,rpt_billgroup_r_exg,d_billgroup_insert_date_r,dim_grp_billing_pol_billgrp_r,d_record_insert_date_r,Direct
PKG Procedure,PKG_GRP_LOAD_RPT_BILLGROUP_R,PRC_GET_CUR_DATA,PKG_GRP_LOAD_RPT_BILLGROUP_R_PRC_GET_CUR_DATA,rpt_billgroup_r_exg,d_billgroup_status_date_r,dim_grp_billing_pol_billgrp_r,d_status_date_r,CAST -> case-when
PKG Procedure,PKG_GRP_LOAD_RPT_BILLGROUP_R,PRC_GET_CUR_DATA,PKG_GRP_LOAD_RPT_BILLGROUP_R_PRC_GET_CUR_DATA,rpt_billgroup_r_exg,d_billgroup_update_date_r,dim_grp_billing_pol_billgrp_r,d_update_date_r,Direct
PKG Procedure,PKG_GRP_LOAD_RPT_BILLGROUP_R,PRC_GET_CUR_DATA,PKG_GRP_LOAD_RPT_BILLGROUP_R_PRC_GET_CUR_DATA,rpt_billgroup_r_exg,d_paid_to_r,,,Constant / Expression
PKG Procedure,PKG_GRP_LOAD_RPT_BILLGROUP_R,PRC_GET_CUR_DATA,PKG_GRP_LOAD_RPT_BILLGROUP_R_PRC_GET_CUR_DATA,rpt_billgroup_r_exg,d_record_end_date_r,dim_grp_billing_pol_billgrp_r,d_record_end_date_r,Direct
PKG Procedure,PKG_GRP_LOAD_RPT_BILLGROUP_R,PRC_GET_CUR_DATA,PKG_GRP_LOAD_RPT_BILLGROUP_R_PRC_GET_CUR_DATA,rpt_billgroup_r_exg,d_record_start_date_r,dim_grp_billing_pol_billgrp_r,d_record_start_date_r,Direct
PKG Procedure,PKG_GRP_LOAD_RPT_BILLGROUP_R,PRC_GET_CUR_DATA,PKG_GRP_LOAD_RPT_BILLGROUP_R_PRC_GET_CUR_DATA,rpt_billgroup_r_exg,n_batch_id_r,,,Constant / Expression
PKG Procedure,PKG_GRP_LOAD_RPT_BILLGROUP_R,PRC_GET_CUR_DATA,PKG_GRP_LOAD_RPT_BILLGROUP_R_PRC_GET_CUR_DATA,rpt_billgroup_r_exg,n_billgroup_sk_r,dim_grp_billing_pol_billgrp_r,n_policy_billgroup_sk_r,Direct
PKG Procedure,PKG_GRP_LOAD_RPT_BILLGROUP_R,PRC_GET_CUR_DATA,PKG_GRP_LOAD_RPT_BILLGROUP_R_PRC_GET_CUR_DATA,rpt_billgroup_r_exg,n_grace_period_r,dim_grp_billing_pol_billgrp_r,n_grace_period_r,Direct
PKG Procedure,PKG_GRP_LOAD_RPT_BILLGROUP_R,PRC_GET_CUR_DATA,PKG_GRP_LOAD_RPT_BILLGROUP_R_PRC_GET_CUR_DATA,rpt_billgroup_r_exg,n_policy_billgroup_id_r,dim_grp_billing_pol_billgrp_r,n_policy_billgroup_id_r,Direct
PKG Procedure,PKG_GRP_LOAD_RPT_BILLGROUP_R,PRC_GET_CUR_DATA,PKG_GRP_LOAD_RPT_BILLGROUP_R_PRC_GET_CUR_DATA,rpt_billgroup_r_exg,n_reportmonth_r,,,Constant / Expression
PKG Procedure,PKG_GRP_LOAD_RPT_BILLGROUP_R,PRC_GET_CUR_DATA,PKG_GRP_LOAD_RPT_BILLGROUP_R_PRC_GET_CUR_DATA,rpt_billgroup_r_exg,t_creation_date_r,,,Constant / Expression
PKG Procedure,PKG_GRP_LOAD_RPT_BILLGROUP_R,PRC_GET_CUR_DATA,PKG_GRP_LOAD_RPT_BILLGROUP_R_PRC_GET_CUR_DATA,rpt_billgroup_r_exg,t_last_modified_date_r,,,Constant / Expression
PKG Procedure,PKG_GRP_LOAD_RPT_BILLGROUP_R,PRC_GET_CUR_DATA,PKG_GRP_LOAD_RPT_BILLGROUP_R_PRC_GET_CUR_DATA,rpt_billgroup_r_exg,v_billgroup_addressline1_r,dim_grp_address_dir_r,v_addressline1_r,Direct
PKG Procedure,PKG_GRP_LOAD_RPT_BILLGROUP_R,PRC_GET_CUR_DATA,PKG_GRP_LOAD_RPT_BILLGROUP_R_PRC_GET_CUR_DATA,rpt_billgroup_r_exg,v_billgroup_addressline2_r,dim_grp_address_dir_r,v_addressline2_r,Direct
PKG Procedure,PKG_GRP_LOAD_RPT_BILLGROUP_R,PRC_GET_CUR_DATA,PKG_GRP_LOAD_RPT_BILLGROUP_R_PRC_GET_CUR_DATA,rpt_billgroup_r_exg,v_billgroup_addressline3_r,dim_grp_address_dir_r,v_addressline3_r,Direct
PKG Procedure,PKG_GRP_LOAD_RPT_BILLGROUP_R,PRC_GET_CUR_DATA,PKG_GRP_LOAD_RPT_BILLGROUP_R_PRC_GET_CUR_DATA,rpt_billgroup_r_exg,v_billgroup_city_r,dim_grp_address_dir_r,v_city_r,Direct
PKG Procedure,PKG_GRP_LOAD_RPT_BILLGROUP_R,PRC_GET_CUR_DATA,PKG_GRP_LOAD_RPT_BILLGROUP_R_PRC_GET_CUR_DATA,rpt_billgroup_r_exg,v_billgroup_description_r,dim_grp_customer_bill_group_r,v_bill_group_description_r,Direct
PKG Procedure,PKG_GRP_LOAD_RPT_BILLGROUP_R,PRC_GET_CUR_DATA,PKG_GRP_LOAD_RPT_BILLGROUP_R_PRC_GET_CUR_DATA,rpt_billgroup_r_exg,v_billgroup_insert_by_r,dim_grp_billing_pol_billgrp_r,v_insert_by_r,Direct
PKG Procedure,PKG_GRP_LOAD_RPT_BILLGROUP_R,PRC_GET_CUR_DATA,PKG_GRP_LOAD_RPT_BILLGROUP_R_PRC_GET_CUR_DATA,rpt_billgroup_r_exg,v_billgroup_payment_status_r,,,Constant / Expression
PKG Procedure,PKG_GRP_LOAD_RPT_BILLGROUP_R,PRC_GET_CUR_DATA,PKG_GRP_LOAD_RPT_BILLGROUP_R_PRC_GET_CUR_DATA,rpt_billgroup_r_exg,v_billgroup_postal_zip_r,dim_grp_address_dir_r,v_postal_zip_r,Direct
PKG Procedure,PKG_GRP_LOAD_RPT_BILLGROUP_R,PRC_GET_CUR_DATA,PKG_GRP_LOAD_RPT_BILLGROUP_R_PRC_GET_CUR_DATA,rpt_billgroup_r_exg,v_billgroup_premium_mode_r,dim_grp_billing_pol_billgrp_r,v_premium_mode1_r,Direct
PKG Procedure,PKG_GRP_LOAD_RPT_BILLGROUP_R,PRC_GET_CUR_DATA,PKG_GRP_LOAD_RPT_BILLGROUP_R_PRC_GET_CUR_DATA,rpt_billgroup_r_exg,v_billgroup_state_r,dim_grp_customer_bill_group_r,v_state_name_r,Direct
PKG Procedure,PKG_GRP_LOAD_RPT_BILLGROUP_R,PRC_GET_CUR_DATA,PKG_GRP_LOAD_RPT_BILLGROUP_R_PRC_GET_CUR_DATA,rpt_billgroup_r_exg,v_billgroup_status_r,,,Constant / Expression
PKG Procedure,PKG_GRP_LOAD_RPT_BILLGROUP_R,PRC_GET_CUR_DATA,PKG_GRP_LOAD_RPT_BILLGROUP_R_PRC_GET_CUR_DATA,rpt_billgroup_r_exg,v_billgroup_termination_date_r,,,Constant / Expression
PKG Procedure,PKG_GRP_LOAD_RPT_BILLGROUP_R,PRC_GET_CUR_DATA,PKG_GRP_LOAD_RPT_BILLGROUP_R_PRC_GET_CUR_DATA,rpt_billgroup_r_exg,v_billgroup_update_by_r,dim_grp_billing_pol_billgrp_r,v_update_by_r,Direct
PKG Procedure,PKG_GRP_LOAD_RPT_BILLGROUP_R,PRC_GET_CUR_DATA,PKG_GRP_LOAD_RPT_BILLGROUP_R_PRC_GET_CUR_DATA,rpt_billgroup_r_exg,v_billing_category_r,dim_grp_billing_pol_billgrp_r,v_bill_category_value_r,Direct
PKG Procedure,PKG_GRP_LOAD_RPT_BILLGROUP_R,PRC_GET_CUR_DATA,PKG_GRP_LOAD_RPT_BILLGROUP_R_PRC_GET_CUR_DATA,rpt_billgroup_r_exg,v_billing_on_hold_ind_r,dim_grp_billing_pol_billgrp_r,v_billing_on_hold_ind_r,Direct
PKG Procedure,PKG_GRP_LOAD_RPT_BILLGROUP_R,PRC_GET_CUR_DATA,PKG_GRP_LOAD_RPT_BILLGROUP_R_PRC_GET_CUR_DATA,rpt_billgroup_r_exg,v_billing_option_r,dim_grp_billing_pol_billgrp_r,v_billtype_value_r,Direct
PKG Procedure,PKG_GRP_LOAD_RPT_BILLGROUP_R,PRC_GET_CUR_DATA,PKG_GRP_LOAD_RPT_BILLGROUP_R_PRC_GET_CUR_DATA,rpt_billgroup_r_exg,v_created_by_r,,,Constant / Expression
PKG Procedure,PKG_GRP_LOAD_RPT_BILLGROUP_R,PRC_GET_CUR_DATA,PKG_GRP_LOAD_RPT_BILLGROUP_R_PRC_GET_CUR_DATA,rpt_billgroup_r_exg,v_customer_billgroup_number_r,dim_grp_customer_bill_group_r,v_customer_bill_group_number_r,Direct
PKG Procedure,PKG_GRP_LOAD_RPT_BILLGROUP_R,PRC_GET_CUR_DATA,PKG_GRP_LOAD_RPT_BILLGROUP_R_PRC_GET_CUR_DATA,rpt_billgroup_r_exg,v_last_modified_by_r,,,Constant / Expression
PKG Procedure,PKG_GRP_LOAD_RPT_BILLGROUP_R,PRC_GET_CUR_DATA,PKG_GRP_LOAD_RPT_BILLGROUP_R_PRC_GET_CUR_DATA,rpt_billgroup_r_exg,v_pbc_sub_team_r,fct_grp_policy_r_pbc_team_lookup,v_pbc_sub_team_r,case-when
PKG Procedure,PKG_GRP_LOAD_RPT_BILLGROUP_R,PRC_GET_CUR_DATA,PKG_GRP_LOAD_RPT_BILLGROUP_R_PRC_GET_CUR_DATA,rpt_billgroup_r_exg,v_pbc_team_name_r,fct_grp_policy_r_pbc_team_lookup,v_pbc_team_name_r,case-when
PKG Procedure,PKG_GRP_LOAD_RPT_BILLGROUP_R,PRC_GET_CUR_DATA,PKG_GRP_LOAD_RPT_BILLGROUP_R_PRC_GET_CUR_DATA,rpt_billgroup_r_exg,v_rpt_active_status_r,,,Constant / Expression
PKG Procedure,PKG_GRP_LOAD_RPT_BILLGROUP_R,PRC_GET_CUR_DATA,PKG_GRP_LOAD_RPT_BILLGROUP_R_PRC_GET_CUR_DATA,rpt_billgroup_r_exg,v_source_system_name_r,dim_grp_billing_pol_billgrp_r,v_source_system_name_r,Direct
PKG Procedure,PKG_GRP_LOAD_RPT_BILLGROUP_R,PRC_GET_CUR_DATA,PKG_GRP_LOAD_RPT_BILLGROUP_R_PRC_GET_CUR_DATA,rpt_billgroup_r_exg,v_state_r,fct_grp_billing_policy_dtl_r,v_state_r,nvl
PKG Procedure,PKG_GRP_LOAD_RPT_COMMISSIONS_R,PRC_GET_CUR_DATA,PKG_GRP_LOAD_RPT_COMMISSIONS_R_PRC_GET_CUR_DATA,RPT_COMMISSIONS_R_EXG,D_COMMISSION_DATE_R,fct_agent_commission_summary,D_COMMISSION_DATE_R,Direct
PKG Procedure,PKG_GRP_LOAD_RPT_COMMISSIONS_R,PRC_GET_CUR_DATA,PKG_GRP_LOAD_RPT_COMMISSIONS_R_PRC_GET_CUR_DATA,RPT_COMMISSIONS_R_EXG,D_DUE_DATE_R,fct_agent_commission_summary,D_DUE_DATE_R,Direct
PKG Procedure,PKG_GRP_LOAD_RPT_COMMISSIONS_R,PRC_GET_CUR_DATA,PKG_GRP_LOAD_RPT_COMMISSIONS_R_PRC_GET_CUR_DATA,RPT_COMMISSIONS_R_EXG,D_PAID_TO_DATE_R,fct_agent_commission_summary,D_PAID_TO_DATE_R,Direct
PKG Procedure,PKG_GRP_LOAD_RPT_COMMISSIONS_R,PRC_GET_CUR_DATA,PKG_GRP_LOAD_RPT_COMMISSIONS_R_PRC_GET_CUR_DATA,RPT_COMMISSIONS_R_EXG,N_AGENT_SK_R,fct_agent_commission_summary,N_AGENT_SK_R,Direct
PKG Procedure,PKG_GRP_LOAD_RPT_COMMISSIONS_R,PRC_GET_CUR_DATA,PKG_GRP_LOAD_RPT_COMMISSIONS_R_PRC_GET_CUR_DATA,RPT_COMMISSIONS_R_EXG,N_BATCH_ID_R,fct_agent_commission_summary,gn_sysdt_batchid,Direct
PKG Procedure,PKG_GRP_LOAD_RPT_COMMISSIONS_R,PRC_GET_CUR_DATA,PKG_GRP_LOAD_RPT_COMMISSIONS_R_PRC_GET_CUR_DATA,RPT_COMMISSIONS_R_EXG,N_BILLGROUP_SK_R,,,Constant / Expression
PKG Procedure,PKG_GRP_LOAD_RPT_COMMISSIONS_R,PRC_GET_CUR_DATA,PKG_GRP_LOAD_RPT_COMMISSIONS_R_PRC_GET_CUR_DATA,RPT_COMMISSIONS_R_EXG,N_COMMISSION_AMOUNT_R,fct_agent_commission_summary,N_COMMISSION_AMOUNT_R,Direct
PKG Procedure,PKG_GRP_LOAD_RPT_COMMISSIONS_R,PRC_GET_CUR_DATA,PKG_GRP_LOAD_RPT_COMMISSIONS_R_PRC_GET_CUR_DATA,RPT_COMMISSIONS_R_EXG,N_CUST_PARTY_SK_R,fct_agent_commission_summary,N_CUST_PARTY_SK_R,Direct
PKG Procedure,PKG_GRP_LOAD_RPT_COMMISSIONS_R,PRC_GET_CUR_DATA,PKG_GRP_LOAD_RPT_COMMISSIONS_R_PRC_GET_CUR_DATA,RPT_COMMISSIONS_R_EXG,N_POLICY_SK_R,fct_agent_commission_summary,N_POLICY_SK_R,Direct
PKG Procedure,PKG_GRP_LOAD_RPT_COMMISSIONS_R,PRC_GET_CUR_DATA,PKG_GRP_LOAD_RPT_COMMISSIONS_R_PRC_GET_CUR_DATA,RPT_COMMISSIONS_R_EXG,N_YEARMONTH_R,fct_agent_commission_summary,gn_current_month,Direct
PKG Procedure,PKG_GRP_LOAD_RPT_COMMISSIONS_R,PRC_GET_CUR_DATA,PKG_GRP_LOAD_RPT_COMMISSIONS_R_PRC_GET_CUR_DATA,RPT_COMMISSIONS_R_EXG,T_CREATION_DATE_R,fct_agent_commission_summary,gd_sysdate,Direct
PKG Procedure,PKG_GRP_LOAD_RPT_COMMISSIONS_R,PRC_GET_CUR_DATA,PKG_GRP_LOAD_RPT_COMMISSIONS_R_PRC_GET_CUR_DATA,RPT_COMMISSIONS_R_EXG,T_LAST_MODIFIED_DATE_R,fct_agent_commission_summary,gd_sysdate,Direct
PKG Procedure,PKG_GRP_LOAD_RPT_COMMISSIONS_R,PRC_GET_CUR_DATA,PKG_GRP_LOAD_RPT_COMMISSIONS_R_PRC_GET_CUR_DATA,RPT_COMMISSIONS_R_EXG,V_COMMISSION_STATUS_R,fct_agent_commission_summary,V_COMMISSION_STATUS_R,Direct
PKG Procedure,PKG_GRP_LOAD_RPT_COMMISSIONS_R,PRC_GET_CUR_DATA,PKG_GRP_LOAD_RPT_COMMISSIONS_R_PRC_GET_CUR_DATA,RPT_COMMISSIONS_R_EXG,V_COMMISSION_TYPE_R,fct_agent_commission_summary,V_COMMISSION_TYPE_R,Direct
PKG Procedure,PKG_GRP_LOAD_RPT_COMMISSIONS_R,PRC_GET_CUR_DATA,PKG_GRP_LOAD_RPT_COMMISSIONS_R_PRC_GET_CUR_DATA,RPT_COMMISSIONS_R_EXG,V_CREATED_BY_R,fct_agent_commission_summary,gc_main_loadedby,Direct
PKG Procedure,PKG_GRP_LOAD_RPT_COMMISSIONS_R,PRC_GET_CUR_DATA,PKG_GRP_LOAD_RPT_COMMISSIONS_R_PRC_GET_CUR_DATA,RPT_COMMISSIONS_R_EXG,V_LAST_MODIFIED_BY_R,fct_agent_commission_summary,gc_main_loadedby,Direct
PKG Procedure,PKG_GRP_LOAD_RPT_COMMISSIONS_R,PRC_GET_CUR_DATA,PKG_GRP_LOAD_RPT_COMMISSIONS_R_PRC_GET_CUR_DATA,RPT_COMMISSIONS_R_EXG,V_RPT_ACTIVE_STATUS_R,,,Constant / Expression
PKG Procedure,PKG_GRP_LOAD_RPT_COMMISSIONS_R,PRC_GET_CUR_DATA,PKG_GRP_LOAD_RPT_COMMISSIONS_R_PRC_GET_CUR_DATA,RPT_COMMISSIONS_R_EXG,V_SALES_PLAN_DESC_R,STG_PLAN_DETAIL,V_SALES_PLAN_DESC_R,case-when -> NVL
PKG Procedure,PKG_GRP_LOAD_RPT_COMMISSIONS_R,PRC_GET_CUR_DATA,PKG_GRP_LOAD_RPT_COMMISSIONS_R_PRC_GET_CUR_DATA,RPT_COMMISSIONS_R_EXG,V_SALES_PLAN_DESC_R,fct_agent_commission_summary,V_TEMPLATE_NAME_R,case-when -> NVL -> REGEXP_SUBSTR
PKG Procedure,PKG_GRP_LOAD_RPT_COMMISSIONS_R,PRC_GET_CUR_DATA,PKG_GRP_LOAD_RPT_COMMISSIONS_R_PRC_GET_CUR_DATA,RPT_COMMISSIONS_R_EXG,V_TEMPLATE_NAME_R,fct_agent_commission_summary,V_TEMPLATE_NAME_R,Direct
PKG Procedure,PKG_GRP_LOAD_RPT_COMMISSIONS_R,PRC_GET_CUR_DATA,PKG_GRP_LOAD_RPT_COMMISSIONS_R_PRC_GET_CUR_DATA,RPT_COMMISSIONS_R_EXG,v_data_source_name_r,fct_agent_commission_summary,v_data_source_name_r,Direct
PKG Procedure,PKG_GRP_LOAD_RPT_EOI_APPLICANT_R,PRC_INSERT_DUMMY_REC,PKG_GRP_LOAD_RPT_EOI_APPLICANT_R_PRC_INSERT_DUMMY_REC,rpt_eoi_applicant_r,n_batch_id_r,rpt_eoi_applicant_r,gn_sysdt_batchid,Direct
PKG Procedure,PKG_GRP_LOAD_RPT_EOI_APPLICANT_R,PRC_INSERT_DUMMY_REC,PKG_GRP_LOAD_RPT_EOI_APPLICANT_R_PRC_INSERT_DUMMY_REC,rpt_eoi_applicant_r,n_yearmonth_r,rpt_eoi_applicant_r,gn_current_month,Direct
PKG Procedure,PKG_GRP_LOAD_RPT_EOI_APPLICANT_R,PRC_INSERT_DUMMY_REC,PKG_GRP_LOAD_RPT_EOI_APPLICANT_R_PRC_INSERT_DUMMY_REC,rpt_eoi_applicant_r,t_creation_date_r,rpt_eoi_applicant_r,gd_sysdate,Direct
PKG Procedure,PKG_GRP_LOAD_RPT_EOI_APPLICANT_R,PRC_INSERT_DUMMY_REC,PKG_GRP_LOAD_RPT_EOI_APPLICANT_R_PRC_INSERT_DUMMY_REC,rpt_eoi_applicant_r,t_last_modified_date_r,rpt_eoi_applicant_r,gd_sysdate,Direct
PKG Procedure,PKG_GRP_LOAD_RPT_EOI_APPLICANT_R,PRC_INSERT_DUMMY_REC,PKG_GRP_LOAD_RPT_EOI_APPLICANT_R_PRC_INSERT_DUMMY_REC,rpt_eoi_applicant_r,v_created_by_r,rpt_eoi_applicant_r,gc_main_loadedby,Direct
PKG Procedure,PKG_GRP_LOAD_RPT_EOI_APPLICANT_R,PRC_INSERT_DUMMY_REC,PKG_GRP_LOAD_RPT_EOI_APPLICANT_R_PRC_INSERT_DUMMY_REC,rpt_eoi_applicant_r,v_last_modified_by_r,rpt_eoi_applicant_r,gc_main_loadedby,Direct
PKG Procedure,PKG_GRP_LOAD_RPT_FCT_RPT_PREMIUM_SUMMARY_R,PRC_UPD_COLS,PKG_GRP_LOAD_RPT_FCT_RPT_PREMIUM_SUMMARY_R_PRC_UPD_COLS,rpt_fct_rpt_premium_summary_r,n_collected_lives_r,fct_billing_policy_premium_r_table_pollives_mv_ssl,n_lives_adj_r,SUM
PKG Procedure,PKG_GRP_LOAD_RPT_PAYEE_DTL_R,PRC_GET_CUR_DATA,PKG_GRP_LOAD_RPT_PAYEE_DTL_R_PRC_GET_CUR_DATA,RPT_PAYEE_DTL_R,D_BIRTH_DATE_R,,,Constant / Expression
PKG Procedure,PKG_GRP_LOAD_RPT_PAYEE_DTL_R,PRC_GET_CUR_DATA,PKG_GRP_LOAD_RPT_PAYEE_DTL_R_PRC_GET_CUR_DATA,RPT_PAYEE_DTL_R,N_BATCH_ID_R,,,Constant / Expression
PKG Procedure,PKG_GRP_LOAD_RPT_PAYEE_DTL_R,PRC_GET_CUR_DATA,PKG_GRP_LOAD_RPT_PAYEE_DTL_R_PRC_GET_CUR_DATA,RPT_PAYEE_DTL_R,N_PAYEE_PARTY_SK_R,,,Constant / Expression
PKG Procedure,PKG_GRP_LOAD_RPT_PAYEE_DTL_R,PRC_GET_CUR_DATA,PKG_GRP_LOAD_RPT_PAYEE_DTL_R_PRC_GET_CUR_DATA,RPT_PAYEE_DTL_R,N_YEARMONTH_R,,,Constant / Expression
PKG Procedure,PKG_GRP_LOAD_RPT_PAYEE_DTL_R,PRC_GET_CUR_DATA,PKG_GRP_LOAD_RPT_PAYEE_DTL_R_PRC_GET_CUR_DATA,RPT_PAYEE_DTL_R,T_CREATION_DATE_R,,,Constant / Expression
PKG Procedure,PKG_GRP_LOAD_RPT_PAYEE_DTL_R,PRC_GET_CUR_DATA,PKG_GRP_LOAD_RPT_PAYEE_DTL_R_PRC_GET_CUR_DATA,RPT_PAYEE_DTL_R,T_LAST_MODIFIED_DATE_R,,,Constant / Expression
PKG Procedure,PKG_GRP_LOAD_RPT_PAYEE_DTL_R,PRC_GET_CUR_DATA,PKG_GRP_LOAD_RPT_PAYEE_DTL_R_PRC_GET_CUR_DATA,RPT_PAYEE_DTL_R,V_ADDRESSLINE1_R,,,Constant / Expression
PKG Procedure,PKG_GRP_LOAD_RPT_PAYEE_DTL_R,PRC_GET_CUR_DATA,PKG_GRP_LOAD_RPT_PAYEE_DTL_R_PRC_GET_CUR_DATA,RPT_PAYEE_DTL_R,V_ADDRESSLINE2_R,,,Constant / Expression
PKG Procedure,PKG_GRP_LOAD_RPT_PAYEE_DTL_R,PRC_GET_CUR_DATA,PKG_GRP_LOAD_RPT_PAYEE_DTL_R_PRC_GET_CUR_DATA,RPT_PAYEE_DTL_R,V_ADDRESSLINE3_R,,,Constant / Expression
PKG Procedure,PKG_GRP_LOAD_RPT_PAYEE_DTL_R,PRC_GET_CUR_DATA,PKG_GRP_LOAD_RPT_PAYEE_DTL_R_PRC_GET_CUR_DATA,RPT_PAYEE_DTL_R,V_CITY_R,,,Constant / Expression
PKG Procedure,PKG_GRP_LOAD_RPT_PAYEE_DTL_R,PRC_GET_CUR_DATA,PKG_GRP_LOAD_RPT_PAYEE_DTL_R_PRC_GET_CUR_DATA,RPT_PAYEE_DTL_R,V_CLAIM_PAYEE_SSN_R,DIM_GRP_PARTY_R,V_TAX_NUMBER_R,case-when
PKG Procedure,PKG_GRP_LOAD_RPT_PAYEE_DTL_R,PRC_GET_CUR_DATA,PKG_GRP_LOAD_RPT_PAYEE_DTL_R_PRC_GET_CUR_DATA,RPT_PAYEE_DTL_R,V_CLAIM_PAYEE_TAX_ID_R,DIM_GRP_PARTY_R,V_TAX_NUMBER_R,case-when
PKG Procedure,PKG_GRP_LOAD_RPT_PAYEE_DTL_R,PRC_GET_CUR_DATA,PKG_GRP_LOAD_RPT_PAYEE_DTL_R_PRC_GET_CUR_DATA,RPT_PAYEE_DTL_R,V_COUNTRY_R,,,Constant / Expression
PKG Procedure,PKG_GRP_LOAD_RPT_PAYEE_DTL_R,PRC_GET_CUR_DATA,PKG_GRP_LOAD_RPT_PAYEE_DTL_R_PRC_GET_CUR_DATA,RPT_PAYEE_DTL_R,V_CREATED_BY_R,,,Constant / Expression
PKG Procedure,PKG_GRP_LOAD_RPT_PAYEE_DTL_R,PRC_GET_CUR_DATA,PKG_GRP_LOAD_RPT_PAYEE_DTL_R_PRC_GET_CUR_DATA,RPT_PAYEE_DTL_R,V_GENDER_R,,,Constant / Expression
PKG Procedure,PKG_GRP_LOAD_RPT_PAYEE_DTL_R,PRC_GET_CUR_DATA,PKG_GRP_LOAD_RPT_PAYEE_DTL_R_PRC_GET_CUR_DATA,RPT_PAYEE_DTL_R,V_INDIVIDUAL_FIRST_NAME_R,,,Constant / Expression
PKG Procedure,PKG_GRP_LOAD_RPT_PAYEE_DTL_R,PRC_GET_CUR_DATA,PKG_GRP_LOAD_RPT_PAYEE_DTL_R_PRC_GET_CUR_DATA,RPT_PAYEE_DTL_R,V_INDIVIDUAL_LAST_NAME_R,,,Constant / Expression
PKG Procedure,PKG_GRP_LOAD_RPT_PAYEE_DTL_R,PRC_GET_CUR_DATA,PKG_GRP_LOAD_RPT_PAYEE_DTL_R_PRC_GET_CUR_DATA,RPT_PAYEE_DTL_R,V_LAST_MODIFIED_BY_R,,,Constant / Expression
PKG Procedure,PKG_GRP_LOAD_RPT_PAYEE_DTL_R,PRC_GET_CUR_DATA,PKG_GRP_LOAD_RPT_PAYEE_DTL_R_PRC_GET_CUR_DATA,RPT_PAYEE_DTL_R,V_POSTAL_ZIP_R,,,Constant / Expression
PKG Procedure,PKG_GRP_LOAD_RPT_PAYEE_DTL_R,PRC_GET_CUR_DATA,PKG_GRP_LOAD_RPT_PAYEE_DTL_R_PRC_GET_CUR_DATA,RPT_PAYEE_DTL_R,V_RPT_ACTIVE_STATUS_R,,,Constant / Expression
PKG Procedure,PKG_GRP_LOAD_RPT_PAYEE_DTL_R,PRC_GET_CUR_DATA,PKG_GRP_LOAD_RPT_PAYEE_DTL_R_PRC_GET_CUR_DATA,RPT_PAYEE_DTL_R,V_STATE_CODE_R,,,Constant / Expression
PKG Procedure,PKG_GRP_LOAD_RPT_PAYEE_DTL_R,PRC_GET_CUR_DATA,PKG_GRP_LOAD_RPT_PAYEE_DTL_R_PRC_GET_CUR_DATA,RPT_PAYEE_DTL_R,V_STATE_NAME_R,,,Constant / Expression
PKG Procedure,PKG_GRP_LOAD_RPT_PAYEE_DTL_R,PRC_GET_CUR_DATA,PKG_GRP_LOAD_RPT_PAYEE_DTL_R_PRC_GET_CUR_DATA,RPT_PAYEE_DTL_R,v_privacy_indicator_r,,,Constant / Expression
PKG Procedure,PKG_GRP_LOAD_RPT_PAYEE_DTL_R,PRC_INSERT_DUMMY_REC,PKG_GRP_LOAD_RPT_PAYEE_DTL_R_PRC_INSERT_DUMMY_REC,RPT_PAYEE_DTL_R,n_batch_id_r,RPT_PAYEE_DTL_R,gn_sysdt_batchid,Direct
PKG Procedure,PKG_GRP_LOAD_RPT_PAYEE_DTL_R,PRC_INSERT_DUMMY_REC,PKG_GRP_LOAD_RPT_PAYEE_DTL_R_PRC_INSERT_DUMMY_REC,RPT_PAYEE_DTL_R,n_yearmonth_r,RPT_PAYEE_DTL_R,gn_current_month,Direct
PKG Procedure,PKG_GRP_LOAD_RPT_PAYEE_DTL_R,PRC_INSERT_DUMMY_REC,PKG_GRP_LOAD_RPT_PAYEE_DTL_R_PRC_INSERT_DUMMY_REC,RPT_PAYEE_DTL_R,t_creation_date_r,RPT_PAYEE_DTL_R,gd_sysdate,Direct
PKG Procedure,PKG_GRP_LOAD_RPT_PAYEE_DTL_R,PRC_INSERT_DUMMY_REC,PKG_GRP_LOAD_RPT_PAYEE_DTL_R_PRC_INSERT_DUMMY_REC,RPT_PAYEE_DTL_R,t_last_modified_date_r,RPT_PAYEE_DTL_R,gd_sysdate,Direct
PKG Procedure,PKG_GRP_LOAD_RPT_PAYEE_DTL_R,PRC_INSERT_DUMMY_REC,PKG_GRP_LOAD_RPT_PAYEE_DTL_R_PRC_INSERT_DUMMY_REC,RPT_PAYEE_DTL_R,v_created_by_r,RPT_PAYEE_DTL_R,gc_main_loadedby,Direct
PKG Procedure,PKG_GRP_LOAD_RPT_PAYEE_DTL_R,PRC_INSERT_DUMMY_REC,PKG_GRP_LOAD_RPT_PAYEE_DTL_R_PRC_INSERT_DUMMY_REC,RPT_PAYEE_DTL_R,v_last_modified_by_r,RPT_PAYEE_DTL_R,gc_main_loadedby,Direct
PKG Procedure,PKG_GRP_LOAD_RPT_POSTED_SUSPENSE_R,PRC_GET_CUR_DATA,PKG_GRP_LOAD_RPT_POSTED_SUSPENSE_R_PRC_GET_CUR_DATA,RPT_POSTED_SUSPENSE_R_exg,d_due_date_r,fct_billing_policy_suspense_r_posted,d_due_date_r,Direct
PKG Procedure,PKG_GRP_LOAD_RPT_POSTED_SUSPENSE_R,PRC_GET_CUR_DATA,PKG_GRP_LOAD_RPT_POSTED_SUSPENSE_R_PRC_GET_CUR_DATA,RPT_POSTED_SUSPENSE_R_exg,d_insert_date_r,fct_billing_policy_suspense_r_posted,d_insert_date_r,Direct
PKG Procedure,PKG_GRP_LOAD_RPT_POSTED_SUSPENSE_R,PRC_GET_CUR_DATA,PKG_GRP_LOAD_RPT_POSTED_SUSPENSE_R_PRC_GET_CUR_DATA,RPT_POSTED_SUSPENSE_R_exg,d_posted_date_r,fct_billing_policy_suspense_r_posted,d_delete_date_r,Direct
PKG Procedure,PKG_GRP_LOAD_RPT_POSTED_SUSPENSE_R,PRC_GET_CUR_DATA,PKG_GRP_LOAD_RPT_POSTED_SUSPENSE_R_PRC_GET_CUR_DATA,RPT_POSTED_SUSPENSE_R_exg,d_transaction_date_r,fct_billing_policy_suspense_r_posted,d_transaction_date_r,Direct
PKG Procedure,PKG_GRP_LOAD_RPT_POSTED_SUSPENSE_R,PRC_GET_CUR_DATA,PKG_GRP_LOAD_RPT_POSTED_SUSPENSE_R_PRC_GET_CUR_DATA,RPT_POSTED_SUSPENSE_R_exg,n_batch_id_r,,,Constant / Expression
PKG Procedure,PKG_GRP_LOAD_RPT_POSTED_SUSPENSE_R,PRC_GET_CUR_DATA,PKG_GRP_LOAD_RPT_POSTED_SUSPENSE_R_PRC_GET_CUR_DATA,RPT_POSTED_SUSPENSE_R_exg,n_billgroup_sk_r,dim_grp_billing_pol_billgrp_r,n_policy_billgroup_sk_r,Direct
PKG Procedure,PKG_GRP_LOAD_RPT_POSTED_SUSPENSE_R,PRC_GET_CUR_DATA,PKG_GRP_LOAD_RPT_POSTED_SUSPENSE_R_PRC_GET_CUR_DATA,RPT_POSTED_SUSPENSE_R_exg,n_cust_party_sk_r,fct_grp_policy_r,n_cust_party_sk_r,Direct
PKG Procedure,PKG_GRP_LOAD_RPT_POSTED_SUSPENSE_R,PRC_GET_CUR_DATA,PKG_GRP_LOAD_RPT_POSTED_SUSPENSE_R_PRC_GET_CUR_DATA,RPT_POSTED_SUSPENSE_R_exg,n_policy_sk_r,dim_grp_policy_dir_r,n_policy_sk_r,Direct
PKG Procedure,PKG_GRP_LOAD_RPT_POSTED_SUSPENSE_R,PRC_GET_CUR_DATA,PKG_GRP_LOAD_RPT_POSTED_SUSPENSE_R_PRC_GET_CUR_DATA,RPT_POSTED_SUSPENSE_R_exg,n_posted_suspense_amount_r,fct_billing_policy_suspense_r_posted,n_amount_r,Direct
PKG Procedure,PKG_GRP_LOAD_RPT_POSTED_SUSPENSE_R,PRC_GET_CUR_DATA,PKG_GRP_LOAD_RPT_POSTED_SUSPENSE_R_PRC_GET_CUR_DATA,RPT_POSTED_SUSPENSE_R_exg,n_posted_suspense_premium_id_r,fct_billing_policy_suspense_r_posted,n_src_suspense_premium_id_r,Direct
PKG Procedure,PKG_GRP_LOAD_RPT_POSTED_SUSPENSE_R,PRC_GET_CUR_DATA,PKG_GRP_LOAD_RPT_POSTED_SUSPENSE_R_PRC_GET_CUR_DATA,RPT_POSTED_SUSPENSE_R_exg,n_posted_suspense_process_days_r,,,Constant / Expression
PKG Procedure,PKG_GRP_LOAD_RPT_POSTED_SUSPENSE_R,PRC_GET_CUR_DATA,PKG_GRP_LOAD_RPT_POSTED_SUSPENSE_R_PRC_GET_CUR_DATA,RPT_POSTED_SUSPENSE_R_exg,n_src_policy_billgroup_id_r,fct_billing_policy_suspense_r_posted,n_src_policy_billgroup_id_r,Direct
PKG Procedure,PKG_GRP_LOAD_RPT_POSTED_SUSPENSE_R,PRC_GET_CUR_DATA,PKG_GRP_LOAD_RPT_POSTED_SUSPENSE_R_PRC_GET_CUR_DATA,RPT_POSTED_SUSPENSE_R_exg,n_src_policy_id_r,fct_billing_policy_suspense_r_posted,n_src_policy_id_r,Direct
PKG Procedure,PKG_GRP_LOAD_RPT_POSTED_SUSPENSE_R,PRC_GET_CUR_DATA,PKG_GRP_LOAD_RPT_POSTED_SUSPENSE_R_PRC_GET_CUR_DATA,RPT_POSTED_SUSPENSE_R_exg,n_yearmonth_r,,,Constant / Expression
PKG Procedure,PKG_GRP_LOAD_RPT_POSTED_SUSPENSE_R,PRC_GET_CUR_DATA,PKG_GRP_LOAD_RPT_POSTED_SUSPENSE_R_PRC_GET_CUR_DATA,RPT_POSTED_SUSPENSE_R_exg,t_creation_date_r,,,Constant / Expression
PKG Procedure,PKG_GRP_LOAD_RPT_POSTED_SUSPENSE_R,PRC_GET_CUR_DATA,PKG_GRP_LOAD_RPT_POSTED_SUSPENSE_R_PRC_GET_CUR_DATA,RPT_POSTED_SUSPENSE_R_exg,t_last_modified_date_r,,,Constant / Expression
PKG Procedure,PKG_GRP_LOAD_RPT_POSTED_SUSPENSE_R,PRC_GET_CUR_DATA,PKG_GRP_LOAD_RPT_POSTED_SUSPENSE_R_PRC_GET_CUR_DATA,RPT_POSTED_SUSPENSE_R_exg,v_billgroup_number_r,fct_billing_policy_suspense_r_posted,v_billgroup_number_r,Direct
PKG Procedure,PKG_GRP_LOAD_RPT_POSTED_SUSPENSE_R,PRC_GET_CUR_DATA,PKG_GRP_LOAD_RPT_POSTED_SUSPENSE_R_PRC_GET_CUR_DATA,RPT_POSTED_SUSPENSE_R_exg,v_carrier_r,fct_billing_policy_suspense_r_posted,v_carrier_r,Direct
PKG Procedure,PKG_GRP_LOAD_RPT_POSTED_SUSPENSE_R,PRC_GET_CUR_DATA,PKG_GRP_LOAD_RPT_POSTED_SUSPENSE_R_PRC_GET_CUR_DATA,RPT_POSTED_SUSPENSE_R_exg,v_change_reason_r,fct_billing_policy_suspense_r_posted,v_change_reason_r,Direct
PKG Procedure,PKG_GRP_LOAD_RPT_POSTED_SUSPENSE_R,PRC_GET_CUR_DATA,PKG_GRP_LOAD_RPT_POSTED_SUSPENSE_R_PRC_GET_CUR_DATA,RPT_POSTED_SUSPENSE_R_exg,v_created_by_r,,,Constant / Expression
PKG Procedure,PKG_GRP_LOAD_RPT_POSTED_SUSPENSE_R,PRC_GET_CUR_DATA,PKG_GRP_LOAD_RPT_POSTED_SUSPENSE_R_PRC_GET_CUR_DATA,RPT_POSTED_SUSPENSE_R_exg,v_delete_by_r,fct_billing_policy_suspense_r_posted,v_delete_by_r,Direct
PKG Procedure,PKG_GRP_LOAD_RPT_POSTED_SUSPENSE_R,PRC_GET_CUR_DATA,PKG_GRP_LOAD_RPT_POSTED_SUSPENSE_R_PRC_GET_CUR_DATA,RPT_POSTED_SUSPENSE_R_exg,v_insert_by_r,fct_billing_policy_suspense_r_posted,v_insert_by_r,Direct
PKG Procedure,PKG_GRP_LOAD_RPT_POSTED_SUSPENSE_R,PRC_GET_CUR_DATA,PKG_GRP_LOAD_RPT_POSTED_SUSPENSE_R_PRC_GET_CUR_DATA,RPT_POSTED_SUSPENSE_R_exg,v_last_modified_by_r,,,Constant / Expression
PKG Procedure,PKG_GRP_LOAD_RPT_POSTED_SUSPENSE_R,PRC_GET_CUR_DATA,PKG_GRP_LOAD_RPT_POSTED_SUSPENSE_R_PRC_GET_CUR_DATA,RPT_POSTED_SUSPENSE_R_exg,v_pos_created_by_r,fct_billing_policy_suspense_r_posted,v_created_by_r,Direct
PKG Procedure,PKG_GRP_LOAD_RPT_POSTED_SUSPENSE_R,PRC_GET_CUR_DATA,PKG_GRP_LOAD_RPT_POSTED_SUSPENSE_R_PRC_GET_CUR_DATA,RPT_POSTED_SUSPENSE_R_exg,v_pos_last_modified_by_r,fct_billing_policy_suspense_r_posted,v_last_modified_by_r,Direct
PKG Procedure,PKG_GRP_LOAD_RPT_POSTED_SUSPENSE_R,PRC_GET_CUR_DATA,PKG_GRP_LOAD_RPT_POSTED_SUSPENSE_R_PRC_GET_CUR_DATA,RPT_POSTED_SUSPENSE_R_exg,v_posted_suspense_description_r,fct_billing_policy_suspense_r_posted,v_description_r,Direct
PKG Procedure,PKG_GRP_LOAD_RPT_POSTED_SUSPENSE_R,PRC_GET_CUR_DATA,PKG_GRP_LOAD_RPT_POSTED_SUSPENSE_R_PRC_GET_CUR_DATA,RPT_POSTED_SUSPENSE_R_exg,v_posted_suspense_operator_fullname_r,dim_sec_user_r,v_full_name_r,case-when
PKG Procedure,PKG_GRP_LOAD_RPT_POSTED_SUSPENSE_R,PRC_GET_CUR_DATA,PKG_GRP_LOAD_RPT_POSTED_SUSPENSE_R_PRC_GET_CUR_DATA,RPT_POSTED_SUSPENSE_R_exg,v_posted_suspense_operator_r,fct_billing_policy_suspense_r_posted,v_suspense_operator_r,Direct
PKG Procedure,PKG_GRP_LOAD_RPT_POSTED_SUSPENSE_R,PRC_GET_CUR_DATA,PKG_GRP_LOAD_RPT_POSTED_SUSPENSE_R_PRC_GET_CUR_DATA,RPT_POSTED_SUSPENSE_R_exg,v_rpt_active_status_r,,,Constant / Expression
PKG Procedure,PKG_GRP_LOAD_RPT_POSTED_SUSPENSE_R,PRC_GET_CUR_DATA,PKG_GRP_LOAD_RPT_POSTED_SUSPENSE_R_PRC_GET_CUR_DATA,RPT_POSTED_SUSPENSE_R_exg,v_update_by_r,fct_billing_policy_suspense_r_posted,v_update_by_r,Direct
PKG Procedure,PKG_GRP_LOAD_RPT_POSTED_SUSPENSE_R,PRC_GET_CUR_DATA,PKG_GRP_LOAD_RPT_POSTED_SUSPENSE_R_PRC_GET_CUR_DATA,RPT_POSTED_SUSPENSE_R_exg,v_user_name_r,fct_billing_policy_suspense_r_posted,v_user_name_r,Direct
PKG Procedure,PKG_GRP_LOAD_RPT_PREMIUM_DTL_R,PRC_GET_CUR_DATA,PKG_GRP_LOAD_RPT_PREMIUM_DTL_R_PRC_GET_CUR_DATA,RPT_PREMIUM_DTL_R_EXG,N_BATCH_ID_R,RPT_PREMIUM_DTL_R_DRQ_MV_SSL,GN_SYSDT_BATCHID,Direct
PKG Procedure,PKG_GRP_LOAD_RPT_PREMIUM_DTL_R,PRC_GET_CUR_DATA,PKG_GRP_LOAD_RPT_PREMIUM_DTL_R_PRC_GET_CUR_DATA,RPT_PREMIUM_DTL_R_EXG,N_BILLGROUP_SK_R,RPT_PREMIUM_DTL_R_DRQ_MV_SSL,N_BILLGROUP_SK_R,Direct
PKG Procedure,PKG_GRP_LOAD_RPT_PREMIUM_DTL_R,PRC_GET_CUR_DATA,PKG_GRP_LOAD_RPT_PREMIUM_DTL_R_PRC_GET_CUR_DATA,RPT_PREMIUM_DTL_R_EXG,N_CUST_PARTY_SK_R,RPT_PREMIUM_DTL_R_DRQ_MV_SSL,n_cust_party_sk_r,Direct
PKG Procedure,PKG_GRP_LOAD_RPT_PREMIUM_DTL_R,PRC_GET_CUR_DATA,PKG_GRP_LOAD_RPT_PREMIUM_DTL_R_PRC_GET_CUR_DATA,RPT_PREMIUM_DTL_R_EXG,N_INFORCE_NUMBER_OF_LIVES_R,RPT_PREMIUM_DTL_R_DRQ_MV_SSL,n_Inforce_Number_of_Lives_R,Direct
PKG Procedure,PKG_GRP_LOAD_RPT_PREMIUM_DTL_R,PRC_GET_CUR_DATA,PKG_GRP_LOAD_RPT_PREMIUM_DTL_R_PRC_GET_CUR_DATA,RPT_PREMIUM_DTL_R_EXG,N_MOST_RECENT_POSTED_NUMBER_OF_LIVES_R,RPT_PREMIUM_DTL_R_DRQ_MV_SSL,n_Most_Recent_Posted_Number_of_Lives_R,Direct
PKG Procedure,PKG_GRP_LOAD_RPT_PREMIUM_DTL_R,PRC_GET_CUR_DATA,PKG_GRP_LOAD_RPT_PREMIUM_DTL_R_PRC_GET_CUR_DATA,RPT_PREMIUM_DTL_R_EXG,N_MOST_RECENT_PREMIUM_POSTED_AMOUNT_R,RPT_PREMIUM_DTL_R_DRQ_MV_SSL,N_Most_Recent_Premium_Posted_Amount_R,Direct
PKG Procedure,PKG_GRP_LOAD_RPT_PREMIUM_DTL_R,PRC_GET_CUR_DATA,PKG_GRP_LOAD_RPT_PREMIUM_DTL_R_PRC_GET_CUR_DATA,RPT_PREMIUM_DTL_R_EXG,N_NET_PREMIUM_ID_R,RPT_PREMIUM_DTL_R_DRQ_MV_SSL,n_Net_Premium_ID_R,Direct
PKG Procedure,PKG_GRP_LOAD_RPT_PREMIUM_DTL_R,PRC_GET_CUR_DATA,PKG_GRP_LOAD_RPT_PREMIUM_DTL_R_PRC_GET_CUR_DATA,RPT_PREMIUM_DTL_R_EXG,N_POLICY_BILLGROUP_ID_R,RPT_PREMIUM_DTL_R_DRQ_MV_SSL,N_Policy_Billgroup_ID_R,Direct
PKG Procedure,PKG_GRP_LOAD_RPT_PREMIUM_DTL_R,PRC_GET_CUR_DATA,PKG_GRP_LOAD_RPT_PREMIUM_DTL_R_PRC_GET_CUR_DATA,RPT_PREMIUM_DTL_R_EXG,N_POLICY_SK_R,RPT_PREMIUM_DTL_R_DRQ_MV_SSL,N_POLICY_SK_R,Direct
PKG Procedure,PKG_GRP_LOAD_RPT_PREMIUM_DTL_R,PRC_GET_CUR_DATA,PKG_GRP_LOAD_RPT_PREMIUM_DTL_R_PRC_GET_CUR_DATA,RPT_PREMIUM_DTL_R_EXG,N_PREMIUM_CLASS_ID_R,RPT_PREMIUM_DTL_R_DRQ_MV_SSL,n_Premium_Class_ID_R,Direct
PKG Procedure,PKG_GRP_LOAD_RPT_PREMIUM_DTL_R,PRC_GET_CUR_DATA,PKG_GRP_LOAD_RPT_PREMIUM_DTL_R_PRC_GET_CUR_DATA,RPT_PREMIUM_DTL_R_EXG,N_PREMIUM_COVERAGE_ID_R,RPT_PREMIUM_DTL_R_DRQ_MV_SSL,n_Premium_Coverage_ID_R,Direct
PKG Procedure,PKG_GRP_LOAD_RPT_PREMIUM_DTL_R,PRC_GET_CUR_DATA,PKG_GRP_LOAD_RPT_PREMIUM_DTL_R_PRC_GET_CUR_DATA,RPT_PREMIUM_DTL_R_EXG,N_PREMIUM_DUE_AMOUNT_R,RPT_PREMIUM_DTL_R_DRQ_MV_SSL,n_Premium_Due_Amount_R,Direct
PKG Procedure,PKG_GRP_LOAD_RPT_PREMIUM_DTL_R,PRC_GET_CUR_DATA,PKG_GRP_LOAD_RPT_PREMIUM_DTL_R_PRC_GET_CUR_DATA,RPT_PREMIUM_DTL_R_EXG,N_PREMIUM_NUMBER_OF_LIVES_R,RPT_PREMIUM_DTL_R_DRQ_MV_SSL,n_Premium_Number_of_Lives_R,Direct
PKG Procedure,PKG_GRP_LOAD_RPT_PREMIUM_DTL_R,PRC_GET_CUR_DATA,PKG_GRP_LOAD_RPT_PREMIUM_DTL_R_PRC_GET_CUR_DATA,RPT_PREMIUM_DTL_R_EXG,N_PREMIUM_PAID_AMOUNT_R,RPT_PREMIUM_DTL_R_DRQ_MV_SSL,n_Premium_Paid_Amount_R,Direct
PKG Procedure,PKG_GRP_LOAD_RPT_PREMIUM_DTL_R,PRC_GET_CUR_DATA,PKG_GRP_LOAD_RPT_PREMIUM_DTL_R_PRC_GET_CUR_DATA,RPT_PREMIUM_DTL_R_EXG,N_PREMIUM_PAYMENT_ID_R,RPT_PREMIUM_DTL_R_DRQ_MV_SSL,N_PREMIUM_PAYMENT_ID_R,Direct
PKG Procedure,PKG_GRP_LOAD_RPT_PREMIUM_DTL_R,PRC_GET_CUR_DATA,PKG_GRP_LOAD_RPT_PREMIUM_DTL_R_PRC_GET_CUR_DATA,RPT_PREMIUM_DTL_R_EXG,N_PREMIUM_POLICY_INVOICE_ID_R,RPT_PREMIUM_DTL_R_DRQ_MV_SSL,n_Premium_Policy_Invoice_ID_R,Direct
PKG Procedure,PKG_GRP_LOAD_RPT_PREMIUM_DTL_R,PRC_GET_CUR_DATA,PKG_GRP_LOAD_RPT_PREMIUM_DTL_R_PRC_GET_CUR_DATA,RPT_PREMIUM_DTL_R_EXG,N_PREMIUM_VOLUME_R,RPT_PREMIUM_DTL_R_DRQ_MV_SSL,n_Premium_Volume_R,Direct
PKG Procedure,PKG_GRP_LOAD_RPT_PREMIUM_DTL_R,PRC_GET_CUR_DATA,PKG_GRP_LOAD_RPT_PREMIUM_DTL_R_PRC_GET_CUR_DATA,RPT_PREMIUM_DTL_R_EXG,N_PRODUCT_SK_R,RPT_PREMIUM_DTL_R_DRQ_MV_SSL,N_PRODUCT_SK_R,Direct
PKG Procedure,PKG_GRP_LOAD_RPT_PREMIUM_DTL_R,PRC_GET_CUR_DATA,PKG_GRP_LOAD_RPT_PREMIUM_DTL_R_PRC_GET_CUR_DATA,RPT_PREMIUM_DTL_R_EXG,N_REPORTMONTH_R,RPT_PREMIUM_DTL_R_DRQ_MV_SSL,GN_CURRENT_MONTH,Direct
PKG Procedure,PKG_GRP_LOAD_RPT_PREMIUM_DTL_R,PRC_GET_CUR_DATA,PKG_GRP_LOAD_RPT_PREMIUM_DTL_R_PRC_GET_CUR_DATA,RPT_PREMIUM_DTL_R_EXG,T_CREATION_DATE_R,,,Constant / Expression
PKG Procedure,PKG_GRP_LOAD_RPT_PREMIUM_DTL_R,PRC_GET_CUR_DATA,PKG_GRP_LOAD_RPT_PREMIUM_DTL_R_PRC_GET_CUR_DATA,RPT_PREMIUM_DTL_R_EXG,T_LAST_MODIFIED_DATE_R,,,Constant / Expression
PKG Procedure,PKG_GRP_LOAD_RPT_PREMIUM_DTL_R,PRC_GET_CUR_DATA,PKG_GRP_LOAD_RPT_PREMIUM_DTL_R_PRC_GET_CUR_DATA,RPT_PREMIUM_DTL_R_EXG,V_CREATED_BY_R,RPT_PREMIUM_DTL_R_DRQ_MV_SSL,gc_getcur_loadedby,Direct
PKG Procedure,PKG_GRP_LOAD_RPT_PREMIUM_DTL_R,PRC_GET_CUR_DATA,PKG_GRP_LOAD_RPT_PREMIUM_DTL_R_PRC_GET_CUR_DATA,RPT_PREMIUM_DTL_R_EXG,V_LAST_MODIFIED_BY_R,RPT_PREMIUM_DTL_R_DRQ_MV_SSL,gc_getcur_loadedby,Direct
PKG Procedure,PKG_GRP_LOAD_RPT_PREMIUM_DTL_R,PRC_GET_CUR_DATA,PKG_GRP_LOAD_RPT_PREMIUM_DTL_R_PRC_GET_CUR_DATA,RPT_PREMIUM_DTL_R_EXG,V_RPT_ACTIVE_STATUS_R,,,Constant / Expression
PKG Procedure,PKG_GRP_LOAD_RPT_PREMIUM_DTL_R,PRC_GET_CUR_DATA,PKG_GRP_LOAD_RPT_PREMIUM_DTL_R_PRC_GET_CUR_DATA,RPT_PREMIUM_DTL_R_EXG,V_SOURCE_SYSTEM_NAME_R,RPT_PREMIUM_DTL_R_DRQ_MV_SSL,V_SOURCE_SYSTEM_NAME_R,Direct
PKG Procedure,PKG_GRP_LOAD_RPT_PREMIUM_R,PRC_GET_CUR_DATA,PKG_GRP_LOAD_RPT_PREMIUM_R_PRC_GET_CUR_DATA,rpt_premium_r_exg,d_premium_due_date_r,rpt_premium_r_drq_mv_ssl,d_premium_due_date_r,Direct
PKG Procedure,PKG_GRP_LOAD_RPT_PREMIUM_R,PRC_GET_CUR_DATA,PKG_GRP_LOAD_RPT_PREMIUM_R_PRC_GET_CUR_DATA,rpt_premium_r_exg,d_premium_max_due_date_r,rpt_premium_r_drq_mv_ssl,d_premium_max_due_date_r,Direct
PKG Procedure,PKG_GRP_LOAD_RPT_PREMIUM_R,PRC_GET_CUR_DATA,PKG_GRP_LOAD_RPT_PREMIUM_R_PRC_GET_CUR_DATA,rpt_premium_r_exg,d_premium_paid_to_date_r,rpt_premium_r_drq_mv_ssl,d_premium_paid_to_date_r,Direct
PKG Procedure,PKG_GRP_LOAD_RPT_PREMIUM_R,PRC_GET_CUR_DATA,PKG_GRP_LOAD_RPT_PREMIUM_R_PRC_GET_CUR_DATA,rpt_premium_r_exg,d_premium_src_transaction_date_r,rpt_premium_r_drq_mv_ssl,d_premium_src_transaction_date_r,Direct
PKG Procedure,PKG_GRP_LOAD_RPT_PREMIUM_R,PRC_GET_CUR_DATA,PKG_GRP_LOAD_RPT_PREMIUM_R_PRC_GET_CUR_DATA,rpt_premium_r_exg,d_premium_transaction_date_r,rpt_premium_r_drq_mv_ssl,d_premium_transaction_date_r,Direct
PKG Procedure,PKG_GRP_LOAD_RPT_PREMIUM_R,PRC_GET_CUR_DATA,PKG_GRP_LOAD_RPT_PREMIUM_R_PRC_GET_CUR_DATA,rpt_premium_r_exg,n_batch_id_r,rpt_premium_r_drq_mv_ssl,gn_sysdt_batchid,Direct
PKG Procedure,PKG_GRP_LOAD_RPT_PREMIUM_R,PRC_GET_CUR_DATA,PKG_GRP_LOAD_RPT_PREMIUM_R_PRC_GET_CUR_DATA,rpt_premium_r_exg,n_months_paid_r,rpt_premium_r_drq_mv_ssl,n_months_paid_r,Direct
PKG Procedure,PKG_GRP_LOAD_RPT_PREMIUM_R,PRC_GET_CUR_DATA,PKG_GRP_LOAD_RPT_PREMIUM_R_PRC_GET_CUR_DATA,rpt_premium_r_exg,n_premium_month_paid_r,rpt_premium_r_drq_mv_ssl,n_premium_month_paid_r,Direct
PKG Procedure,PKG_GRP_LOAD_RPT_PREMIUM_R,PRC_GET_CUR_DATA,PKG_GRP_LOAD_RPT_PREMIUM_R_PRC_GET_CUR_DATA,rpt_premium_r_exg,n_premium_payment_id_r,rpt_premium_r_drq_mv_ssl,n_premium_payment_id_r,Direct
PKG Procedure,PKG_GRP_LOAD_RPT_PREMIUM_R,PRC_GET_CUR_DATA,PKG_GRP_LOAD_RPT_PREMIUM_R_PRC_GET_CUR_DATA,rpt_premium_r_exg,n_reportmonth_r,rpt_premium_r_drq_mv_ssl,gn_current_month,Direct
PKG Procedure,PKG_GRP_LOAD_RPT_PREMIUM_R,PRC_GET_CUR_DATA,PKG_GRP_LOAD_RPT_PREMIUM_R_PRC_GET_CUR_DATA,rpt_premium_r_exg,t_creation_date_r,,,Constant / Expression
PKG Procedure,PKG_GRP_LOAD_RPT_PREMIUM_R,PRC_GET_CUR_DATA,PKG_GRP_LOAD_RPT_PREMIUM_R_PRC_GET_CUR_DATA,rpt_premium_r_exg,t_last_modified_date_r,,,Constant / Expression
PKG Procedure,PKG_GRP_LOAD_RPT_PREMIUM_R,PRC_GET_CUR_DATA,PKG_GRP_LOAD_RPT_PREMIUM_R_PRC_GET_CUR_DATA,rpt_premium_r_exg,v_billing_premium_mode_r,rpt_premium_r_drq_mv_ssl,v_billing_premium_mode_r,Direct
PKG Procedure,PKG_GRP_LOAD_RPT_PREMIUM_R,PRC_GET_CUR_DATA,PKG_GRP_LOAD_RPT_PREMIUM_R_PRC_GET_CUR_DATA,rpt_premium_r_exg,v_created_by_r,rpt_premium_r_drq_mv_ssl,gc_getcur_loadedby,Direct
PKG Procedure,PKG_GRP_LOAD_RPT_PREMIUM_R,PRC_GET_CUR_DATA,PKG_GRP_LOAD_RPT_PREMIUM_R_PRC_GET_CUR_DATA,rpt_premium_r_exg,v_last_modified_by_r,rpt_premium_r_drq_mv_ssl,gc_getcur_loadedby,Direct
PKG Procedure,PKG_GRP_LOAD_RPT_PREMIUM_R,PRC_GET_CUR_DATA,PKG_GRP_LOAD_RPT_PREMIUM_R_PRC_GET_CUR_DATA,rpt_premium_r_exg,v_max_due_date_flag_r,rpt_premium_r_drq_mv_ssl,v_max_due_date_flag_r,Direct
PKG Procedure,PKG_GRP_LOAD_RPT_PREMIUM_R,PRC_GET_CUR_DATA,PKG_GRP_LOAD_RPT_PREMIUM_R_PRC_GET_CUR_DATA,rpt_premium_r_exg,v_operator_id_r,rpt_premium_r_drq_mv_ssl,v_operator_id_r,Direct
PKG Procedure,PKG_GRP_LOAD_RPT_PREMIUM_R,PRC_GET_CUR_DATA,PKG_GRP_LOAD_RPT_PREMIUM_R_PRC_GET_CUR_DATA,rpt_premium_r_exg,v_premium_coverage_code_r,rpt_premium_r_drq_mv_ssl,v_premium_coverage_code_r,Direct
PKG Procedure,PKG_GRP_LOAD_RPT_PREMIUM_R,PRC_GET_CUR_DATA,PKG_GRP_LOAD_RPT_PREMIUM_R_PRC_GET_CUR_DATA,rpt_premium_r_exg,v_premium_coverage_description_r,rpt_premium_r_drq_mv_ssl,v_premium_coverage_description_r,Direct
PKG Procedure,PKG_GRP_LOAD_RPT_PREMIUM_R,PRC_GET_CUR_DATA,PKG_GRP_LOAD_RPT_PREMIUM_R_PRC_GET_CUR_DATA,rpt_premium_r_exg,v_premium_net_gross_indicator_r,rpt_premium_r_drq_mv_ssl,v_premium_net_gross_indicator_r,Direct
PKG Procedure,PKG_GRP_LOAD_RPT_PREMIUM_R,PRC_GET_CUR_DATA,PKG_GRP_LOAD_RPT_PREMIUM_R_PRC_GET_CUR_DATA,rpt_premium_r_exg,v_premium_payment_method_r,rpt_premium_r_drq_mv_ssl,v_premium_payment_method_r,Direct
PKG Procedure,PKG_GRP_LOAD_RPT_PREMIUM_R,PRC_GET_CUR_DATA,PKG_GRP_LOAD_RPT_PREMIUM_R_PRC_GET_CUR_DATA,rpt_premium_r_exg,v_premium_payment_premium_type_r,rpt_premium_r_drq_mv_ssl,v_premium_payment_premium_type_r,Direct
PKG Procedure,PKG_GRP_LOAD_RPT_PREMIUM_R,PRC_GET_CUR_DATA,PKG_GRP_LOAD_RPT_PREMIUM_R_PRC_GET_CUR_DATA,rpt_premium_r_exg,v_premium_product_line_description_r,rpt_premium_r_drq_mv_ssl,v_premium_product_line_description_r,Direct
PKG Procedure,PKG_GRP_LOAD_RPT_PREMIUM_R,PRC_GET_CUR_DATA,PKG_GRP_LOAD_RPT_PREMIUM_R_PRC_GET_CUR_DATA,rpt_premium_r_exg,v_premium_product_line_r,rpt_premium_r_drq_mv_ssl,v_premium_product_line_r,Direct
PKG Procedure,PKG_GRP_LOAD_RPT_PREMIUM_R,PRC_GET_CUR_DATA,PKG_GRP_LOAD_RPT_PREMIUM_R_PRC_GET_CUR_DATA,rpt_premium_r_exg,v_premium_sub_line_code_r,rpt_premium_r_drq_mv_ssl,v_premium_sub_line_code_r,Direct
PKG Procedure,PKG_GRP_LOAD_RPT_PREMIUM_R,PRC_GET_CUR_DATA,PKG_GRP_LOAD_RPT_PREMIUM_R_PRC_GET_CUR_DATA,rpt_premium_r_exg,v_product_line_code_r,rpt_premium_r_drq_mv_ssl,v_product_line_code_r,Direct
PKG Procedure,PKG_GRP_LOAD_RPT_PREMIUM_R,PRC_GET_CUR_DATA,PKG_GRP_LOAD_RPT_PREMIUM_R_PRC_GET_CUR_DATA,rpt_premium_r_exg,v_rpt_active_status_r,,,Constant / Expression
PKG Procedure,PKG_GRP_LOAD_RPT_PREMIUM_R,PRC_GET_CUR_DATA,PKG_GRP_LOAD_RPT_PREMIUM_R_PRC_GET_CUR_DATA,rpt_premium_r_exg,v_source_system_name_r,rpt_premium_r_drq_mv_ssl,v_source_system_name_r,Direct
PKG Procedure,PKG_GRP_LOAD_RPT_QUOTES_DTL_R,PRC_GET_CUR_DATA,PKG_GRP_LOAD_RPT_QUOTES_DTL_R_PRC_GET_CUR_DATA,rpt_quotes_dtl_r_exg,n_agent_party_sk_r,rpt_quotes_dtl_r_mv_ssl,n_agent_party_sk_r,Direct
PKG Procedure,PKG_GRP_LOAD_RPT_QUOTES_DTL_R,PRC_GET_CUR_DATA,PKG_GRP_LOAD_RPT_QUOTES_DTL_R_PRC_GET_CUR_DATA,rpt_quotes_dtl_r_exg,n_agent_sk_r,rpt_quotes_dtl_r_mv_ssl,n_agent_sk_r,Direct
PKG Procedure,PKG_GRP_LOAD_RPT_QUOTES_DTL_R,PRC_GET_CUR_DATA,PKG_GRP_LOAD_RPT_QUOTES_DTL_R_PRC_GET_CUR_DATA,rpt_quotes_dtl_r_exg,n_batch_id_r,rpt_quotes_dtl_r_mv_ssl,gn_sysdt_batchid,Direct
PKG Procedure,PKG_GRP_LOAD_RPT_QUOTES_DTL_R,PRC_GET_CUR_DATA,PKG_GRP_LOAD_RPT_QUOTES_DTL_R_PRC_GET_CUR_DATA,rpt_quotes_dtl_r_exg,n_cust_party_sk_r,rpt_quotes_dtl_r_mv_ssl,n_cust_party_sk_r,Direct
PKG Procedure,PKG_GRP_LOAD_RPT_QUOTES_DTL_R,PRC_GET_CUR_DATA,PKG_GRP_LOAD_RPT_QUOTES_DTL_R_PRC_GET_CUR_DATA,rpt_quotes_dtl_r_exg,n_num_lives_r,rpt_quotes_dtl_r_mv_ssl,n_num_lives_r,Direct
PKG Procedure,PKG_GRP_LOAD_RPT_QUOTES_DTL_R,PRC_GET_CUR_DATA,PKG_GRP_LOAD_RPT_QUOTES_DTL_R_PRC_GET_CUR_DATA,rpt_quotes_dtl_r_exg,n_quote_amount_r,rpt_quotes_dtl_r_mv_ssl,n_quote_amount_r,Direct
PKG Procedure,PKG_GRP_LOAD_RPT_QUOTES_DTL_R,PRC_GET_CUR_DATA,PKG_GRP_LOAD_RPT_QUOTES_DTL_R_PRC_GET_CUR_DATA,rpt_quotes_dtl_r_exg,n_quote_share_r,rpt_quotes_dtl_r_mv_ssl,n_quote_share_r,Direct
PKG Procedure,PKG_GRP_LOAD_RPT_QUOTES_DTL_R,PRC_GET_CUR_DATA,PKG_GRP_LOAD_RPT_QUOTES_DTL_R_PRC_GET_CUR_DATA,rpt_quotes_dtl_r_exg,n_quote_sk_r,rpt_quotes_dtl_r_mv_ssl,n_quote_sk_r,Direct
PKG Procedure,PKG_GRP_LOAD_RPT_QUOTES_DTL_R,PRC_GET_CUR_DATA,PKG_GRP_LOAD_RPT_QUOTES_DTL_R_PRC_GET_CUR_DATA,rpt_quotes_dtl_r_exg,n_sold_ann_prem_amount_r,rpt_quotes_dtl_r_mv_ssl,n_sold_ann_prem_amount_r,Direct
PKG Procedure,PKG_GRP_LOAD_RPT_QUOTES_DTL_R,PRC_GET_CUR_DATA,PKG_GRP_LOAD_RPT_QUOTES_DTL_R_PRC_GET_CUR_DATA,rpt_quotes_dtl_r_exg,n_version_number_r,rpt_quotes_dtl_r_mv_ssl,n_version_number_r,Direct
PKG Procedure,PKG_GRP_LOAD_RPT_QUOTES_DTL_R,PRC_GET_CUR_DATA,PKG_GRP_LOAD_RPT_QUOTES_DTL_R_PRC_GET_CUR_DATA,rpt_quotes_dtl_r_exg,n_yearmonth_r,rpt_quotes_dtl_r_mv_ssl,gn_current_month,Direct
PKG Procedure,PKG_GRP_LOAD_RPT_QUOTES_DTL_R,PRC_GET_CUR_DATA,PKG_GRP_LOAD_RPT_QUOTES_DTL_R_PRC_GET_CUR_DATA,rpt_quotes_dtl_r_exg,t_creation_date_r,,,Constant / Expression
PKG Procedure,PKG_GRP_LOAD_RPT_QUOTES_DTL_R,PRC_GET_CUR_DATA,PKG_GRP_LOAD_RPT_QUOTES_DTL_R_PRC_GET_CUR_DATA,rpt_quotes_dtl_r_exg,t_last_modified_date_r,,,Constant / Expression
PKG Procedure,PKG_GRP_LOAD_RPT_QUOTES_DTL_R,PRC_GET_CUR_DATA,PKG_GRP_LOAD_RPT_QUOTES_DTL_R_PRC_GET_CUR_DATA,rpt_quotes_dtl_r_exg,v_created_by_r,rpt_quotes_dtl_r_mv_ssl,gc_main_loadedby,Direct
PKG Procedure,PKG_GRP_LOAD_RPT_QUOTES_DTL_R,PRC_GET_CUR_DATA,PKG_GRP_LOAD_RPT_QUOTES_DTL_R_PRC_GET_CUR_DATA,rpt_quotes_dtl_r_exg,v_last_modified_by_r,rpt_quotes_dtl_r_mv_ssl,gc_main_loadedby,Direct
PKG Procedure,PKG_GRP_LOAD_RPT_QUOTES_DTL_R,PRC_GET_CUR_DATA,PKG_GRP_LOAD_RPT_QUOTES_DTL_R_PRC_GET_CUR_DATA,rpt_quotes_dtl_r_exg,v_rpt_active_status_r,,,Constant / Expression
PKG Procedure,PKG_GRP_LOAD_RPT_QUOTES_R,PRC_GET_CUR_DATA,PKG_GRP_LOAD_RPT_QUOTES_R_PRC_GET_CUR_DATA,rpt_quotes_r_exg,d_next_renewal_date_r,fct_insurance_quotes,d_calculated_expiry_date_r,Direct
PKG Procedure,PKG_GRP_LOAD_RPT_QUOTES_R,PRC_GET_CUR_DATA,PKG_GRP_LOAD_RPT_QUOTES_R_PRC_GET_CUR_DATA,rpt_quotes_r_exg,d_quote_creation_date,fct_insurance_quotes,d_quote_creation_date,Direct
PKG Procedure,PKG_GRP_LOAD_RPT_QUOTES_R,PRC_GET_CUR_DATA,PKG_GRP_LOAD_RPT_QUOTES_R_PRC_GET_CUR_DATA,rpt_quotes_r_exg,d_quote_date_r,fct_insurance_quotes,d_rated_date_r,Direct
PKG Procedure,PKG_GRP_LOAD_RPT_QUOTES_R,PRC_GET_CUR_DATA,PKG_GRP_LOAD_RPT_QUOTES_R_PRC_GET_CUR_DATA,rpt_quotes_r_exg,d_quote_effective_date_r,dim_grp_quote_dir_r,t_original_quote_eff_date_r,Direct
PKG Procedure,PKG_GRP_LOAD_RPT_QUOTES_R,PRC_GET_CUR_DATA,PKG_GRP_LOAD_RPT_QUOTES_R_PRC_GET_CUR_DATA,rpt_quotes_r_exg,d_rated_date_t,fct_insurance_quotes,d_rated_date_r,Direct
PKG Procedure,PKG_GRP_LOAD_RPT_QUOTES_R,PRC_GET_CUR_DATA,PKG_GRP_LOAD_RPT_QUOTES_R_PRC_GET_CUR_DATA,rpt_quotes_r_exg,n_batch_id_r,,,Constant / Expression
PKG Procedure,PKG_GRP_LOAD_RPT_QUOTES_R,PRC_GET_CUR_DATA,PKG_GRP_LOAD_RPT_QUOTES_R_PRC_GET_CUR_DATA,rpt_quotes_r_exg,n_quote_sk_r,dim_grp_quote_dir_r,n_quote_sk_r,Direct
PKG Procedure,PKG_GRP_LOAD_RPT_QUOTES_R,PRC_GET_CUR_DATA,PKG_GRP_LOAD_RPT_QUOTES_R_PRC_GET_CUR_DATA,rpt_quotes_r_exg,n_version_number_r,dim_grp_quote_dir_r,n_quote_version_number_r,Direct
PKG Procedure,PKG_GRP_LOAD_RPT_QUOTES_R,PRC_GET_CUR_DATA,PKG_GRP_LOAD_RPT_QUOTES_R_PRC_GET_CUR_DATA,rpt_quotes_r_exg,n_yearmonth_r,,,Constant / Expression
PKG Procedure,PKG_GRP_LOAD_RPT_QUOTES_R,PRC_GET_CUR_DATA,PKG_GRP_LOAD_RPT_QUOTES_R_PRC_GET_CUR_DATA,rpt_quotes_r_exg,t_creation_date_r,,,Constant / Expression
PKG Procedure,PKG_GRP_LOAD_RPT_QUOTES_R,PRC_GET_CUR_DATA,PKG_GRP_LOAD_RPT_QUOTES_R_PRC_GET_CUR_DATA,rpt_quotes_r_exg,t_last_modified_date_r,,,Constant / Expression
PKG Procedure,PKG_GRP_LOAD_RPT_QUOTES_R,PRC_GET_CUR_DATA,PKG_GRP_LOAD_RPT_QUOTES_R_PRC_GET_CUR_DATA,rpt_quotes_r_exg,v_assigned_policy_number_r,fct_insurance_quotes,v_policy_number_r,Direct
PKG Procedure,PKG_GRP_LOAD_RPT_QUOTES_R,PRC_GET_CUR_DATA,PKG_GRP_LOAD_RPT_QUOTES_R_PRC_GET_CUR_DATA,rpt_quotes_r_exg,v_created_by_r,,,Constant / Expression
PKG Procedure,PKG_GRP_LOAD_RPT_QUOTES_R,PRC_GET_CUR_DATA,PKG_GRP_LOAD_RPT_QUOTES_R_PRC_GET_CUR_DATA,rpt_quotes_r_exg,v_curr_quote_status_r,fct_insurance_quotes,v_current_status_r,Direct
PKG Procedure,PKG_GRP_LOAD_RPT_QUOTES_R,PRC_GET_CUR_DATA,PKG_GRP_LOAD_RPT_QUOTES_R_PRC_GET_CUR_DATA,rpt_quotes_r_exg,v_exchange_name_r,fct_insurance_quotes,v_memexchange_r,Direct
PKG Procedure,PKG_GRP_LOAD_RPT_QUOTES_R,PRC_GET_CUR_DATA,PKG_GRP_LOAD_RPT_QUOTES_R_PRC_GET_CUR_DATA,rpt_quotes_r_exg,v_last_modified_by_r,,,Constant / Expression
PKG Procedure,PKG_GRP_LOAD_RPT_QUOTES_R,PRC_GET_CUR_DATA,PKG_GRP_LOAD_RPT_QUOTES_R_PRC_GET_CUR_DATA,rpt_quotes_r_exg,v_line_of_business_r,dim_grp_quote_dir_r,v_line_of_business_r,Direct
PKG Procedure,PKG_GRP_LOAD_RPT_QUOTES_R,PRC_GET_CUR_DATA,PKG_GRP_LOAD_RPT_QUOTES_R_PRC_GET_CUR_DATA,rpt_quotes_r_exg,v_num_lives_bucket_r,,,Constant / Expression
PKG Procedure,PKG_GRP_LOAD_RPT_QUOTES_R,PRC_GET_CUR_DATA,PKG_GRP_LOAD_RPT_QUOTES_R_PRC_GET_CUR_DATA,rpt_quotes_r_exg,v_quote_declined_ind_r,,,Constant / Expression
PKG Procedure,PKG_GRP_LOAD_RPT_QUOTES_R,PRC_GET_CUR_DATA,PKG_GRP_LOAD_RPT_QUOTES_R_PRC_GET_CUR_DATA,rpt_quotes_r_exg,v_quote_number_r,dim_grp_quote_dir_r,v_quote_number_r,Direct
PKG Procedure,PKG_GRP_LOAD_RPT_QUOTES_R,PRC_GET_CUR_DATA,PKG_GRP_LOAD_RPT_QUOTES_R_PRC_GET_CUR_DATA,rpt_quotes_r_exg,v_rpt_active_status_r,dim_grp_quote_dir_r,v_active_status_r,Direct
PKG Procedure,PKG_GRP_LOAD_RPT_QUOTES_R,PRC_GET_CUR_DATA,PKG_GRP_LOAD_RPT_QUOTES_R_PRC_GET_CUR_DATA,rpt_quotes_r_exg,v_version_status_r,fct_insurance_quotes,v_current_status_r,Direct
PKG Procedure,PKG_GRP_LOAD_RPT_QUOTES_R,PRC_INSERT_DUMMY_REC,PKG_GRP_LOAD_RPT_QUOTES_R_PRC_INSERT_DUMMY_REC,rpt_quotes_r,n_batch_id_r,rpt_quotes_r,gn_sysdt_batchid,Direct
PKG Procedure,PKG_GRP_LOAD_RPT_QUOTES_R,PRC_INSERT_DUMMY_REC,PKG_GRP_LOAD_RPT_QUOTES_R_PRC_INSERT_DUMMY_REC,rpt_quotes_r,n_yearmonth_r,rpt_quotes_r,gn_current_month,Direct
PKG Procedure,PKG_GRP_LOAD_RPT_QUOTES_R,PRC_INSERT_DUMMY_REC,PKG_GRP_LOAD_RPT_QUOTES_R_PRC_INSERT_DUMMY_REC,rpt_quotes_r,t_creation_date_r,rpt_quotes_r,gd_sysdate,Direct
PKG Procedure,PKG_GRP_LOAD_RPT_QUOTES_R,PRC_INSERT_DUMMY_REC,PKG_GRP_LOAD_RPT_QUOTES_R_PRC_INSERT_DUMMY_REC,rpt_quotes_r,t_last_modified_date_r,rpt_quotes_r,gd_sysdate,Direct
PKG Procedure,PKG_GRP_LOAD_RPT_QUOTES_R,PRC_INSERT_DUMMY_REC,PKG_GRP_LOAD_RPT_QUOTES_R_PRC_INSERT_DUMMY_REC,rpt_quotes_r,v_created_by_r,rpt_quotes_r,gc_main_loadedby,Direct
PKG Procedure,PKG_GRP_LOAD_RPT_QUOTES_R,PRC_INSERT_DUMMY_REC,PKG_GRP_LOAD_RPT_QUOTES_R_PRC_INSERT_DUMMY_REC,rpt_quotes_r,v_last_modified_by_r,rpt_quotes_r,gc_main_loadedby,Direct
PKG Procedure,PKG_GRP_LOAD_RPT_RATE_R,PRC_GET_CUR_DATA,PKG_GRP_LOAD_RPT_RATE_R_PRC_GET_CUR_DATA,rpt_rate_r_exg,n_batch_id_r,,,Constant / Expression
PKG Procedure,PKG_GRP_LOAD_RPT_RATE_R,PRC_GET_CUR_DATA,PKG_GRP_LOAD_RPT_RATE_R_PRC_GET_CUR_DATA,rpt_rate_r_exg,n_billgroup_sk_r,dim_grp_billing_pol_billgrp_r,n_policy_billgroup_sk_r,Direct
PKG Procedure,PKG_GRP_LOAD_RPT_RATE_R,PRC_GET_CUR_DATA,PKG_GRP_LOAD_RPT_RATE_R_PRC_GET_CUR_DATA,rpt_rate_r_exg,n_cust_party_sk_r,fct_grp_policy_r,n_cust_party_sk_r,Direct
PKG Procedure,PKG_GRP_LOAD_RPT_RATE_R,PRC_GET_CUR_DATA,PKG_GRP_LOAD_RPT_RATE_R_PRC_GET_CUR_DATA,rpt_rate_r_exg,n_policy_sk_r,dim_grp_policy_dir_r,n_policy_sk_r,Direct
PKG Procedure,PKG_GRP_LOAD_RPT_RATE_R,PRC_GET_CUR_DATA,PKG_GRP_LOAD_RPT_RATE_R_PRC_GET_CUR_DATA,rpt_rate_r_exg,n_product_sk_r,dim_grp_product_r,n_product_sk_r,Direct
PKG Procedure,PKG_GRP_LOAD_RPT_RATE_R,PRC_GET_CUR_DATA,PKG_GRP_LOAD_RPT_RATE_R_PRC_GET_CUR_DATA,rpt_rate_r_exg,n_reportmonth_r,,,Constant / Expression
PKG Procedure,PKG_GRP_LOAD_RPT_RATE_R,PRC_GET_CUR_DATA,PKG_GRP_LOAD_RPT_RATE_R_PRC_GET_CUR_DATA,rpt_rate_r_exg,t_creation_date_r,,,Constant / Expression
PKG Procedure,PKG_GRP_LOAD_RPT_RATE_R,PRC_GET_CUR_DATA,PKG_GRP_LOAD_RPT_RATE_R_PRC_GET_CUR_DATA,rpt_rate_r_exg,t_last_modified_date_r,,,Constant / Expression
PKG Procedure,PKG_GRP_LOAD_RPT_RATE_R,PRC_GET_CUR_DATA,PKG_GRP_LOAD_RPT_RATE_R_PRC_GET_CUR_DATA,rpt_rate_r_exg,v_basic_product_line_desc_r,dim_grp_product_r,v_basic_product_line_desc_r,Direct
PKG Procedure,PKG_GRP_LOAD_RPT_RATE_R,PRC_GET_CUR_DATA,PKG_GRP_LOAD_RPT_RATE_R_PRC_GET_CUR_DATA,rpt_rate_r_exg,v_created_by_r,,,Constant / Expression
PKG Procedure,PKG_GRP_LOAD_RPT_RATE_R,PRC_GET_CUR_DATA,PKG_GRP_LOAD_RPT_RATE_R_PRC_GET_CUR_DATA,rpt_rate_r_exg,v_last_modified_by_r,,,Constant / Expression
PKG Procedure,PKG_GRP_LOAD_RPT_RATE_R,PRC_GET_CUR_DATA,PKG_GRP_LOAD_RPT_RATE_R_PRC_GET_CUR_DATA,rpt_rate_r_exg,v_policy_prefix_r,dim_grp_policy_dir_r,v_policy_prefix_r,Direct
PKG Procedure,PKG_GRP_LOAD_RPT_RATE_R,PRC_GET_CUR_DATA,PKG_GRP_LOAD_RPT_RATE_R_PRC_GET_CUR_DATA,rpt_rate_r_exg,v_policy_suffix_r,dim_grp_policy_dir_r,v_policy_suffix_r,Direct
PKG Procedure,PKG_GRP_LOAD_RPT_RATE_R,PRC_GET_CUR_DATA,PKG_GRP_LOAD_RPT_RATE_R_PRC_GET_CUR_DATA,rpt_rate_r_exg,v_product_sub_line_code_r,dim_grp_product_r,v_product_sub_line_code_r,Direct
PKG Procedure,PKG_GRP_LOAD_RPT_RATE_R,PRC_GET_CUR_DATA,PKG_GRP_LOAD_RPT_RATE_R_PRC_GET_CUR_DATA,rpt_rate_r_exg,v_rpt_active_status_r,,,Constant / Expression
PKG Procedure,PKG_GRP_LOAD_RPT_RATE_R,PRC_GET_CUR_DATA,PKG_GRP_LOAD_RPT_RATE_R_PRC_GET_CUR_DATA,rpt_rate_r_exg,v_rpt_current_rate_r,dim_grp_billng_premium_rate_r,n_ec_rate_r,replace -> MIN -> case-when -> concat -> CAST
PKG Procedure,PKG_GRP_LOAD_RPT_SALES_REP_R,PRC_GET_CUR_DATA,PKG_GRP_LOAD_RPT_SALES_REP_R_PRC_GET_CUR_DATA,RPT_SALES_REP_R_EXG,D_SALES_REP_EFF_DATE_R,DIM_GRP_SALES_REPRESENTATIVE_R,D_RECORD_START_DATE_R,Direct
PKG Procedure,PKG_GRP_LOAD_RPT_SALES_REP_R,PRC_GET_CUR_DATA,PKG_GRP_LOAD_RPT_SALES_REP_R_PRC_GET_CUR_DATA,RPT_SALES_REP_R_EXG,N_SALES_REPRESENTATIVE_SK_R,FCT_SALES_REP_SHARE,N_SALES_REPRESENTATIVE_SK_R,Direct
PKG Procedure,PKG_GRP_LOAD_RPT_SALES_REP_R,PRC_GET_CUR_DATA,PKG_GRP_LOAD_RPT_SALES_REP_R_PRC_GET_CUR_DATA,RPT_SALES_REP_R_EXG,N_SALES_REP_SHARE_PCT_R,FCT_SALES_REP_SHARE,N_SALES_REP_SHARE_R,Direct
PKG Procedure,PKG_GRP_LOAD_RPT_SALES_REP_R,PRC_GET_CUR_DATA,PKG_GRP_LOAD_RPT_SALES_REP_R_PRC_GET_CUR_DATA,RPT_SALES_REP_R_EXG,N_YEARMONTH_R,,,Constant / Expression
PKG Procedure,PKG_GRP_LOAD_RPT_SALES_REP_R,PRC_GET_CUR_DATA,PKG_GRP_LOAD_RPT_SALES_REP_R_PRC_GET_CUR_DATA,RPT_SALES_REP_R_EXG,V_PRIMARY_SALES_REP_EMPLOYEE_ID_R,DIM_GRP_SALES_REPRESENTATIVE_R,N_EMPLOYEE_ID_R,case-when
PKG Procedure,PKG_GRP_LOAD_RPT_SALES_REP_R,PRC_GET_CUR_DATA,PKG_GRP_LOAD_RPT_SALES_REP_R_PRC_GET_CUR_DATA,RPT_SALES_REP_R_EXG,V_PRIMARY_SALES_REP_NAME_R,DIM_GRP_SALES_REPRESENTATIVE_R,V_FIRST_NAME_R,case-when
PKG Procedure,PKG_GRP_LOAD_RPT_SALES_REP_R,PRC_GET_CUR_DATA,PKG_GRP_LOAD_RPT_SALES_REP_R_PRC_GET_CUR_DATA,RPT_SALES_REP_R_EXG,V_PRIMARY_SALES_REP_NAME_R,DIM_GRP_SALES_REPRESENTATIVE_R,V_LAST_NAME_R,case-when
PKG Procedure,PKG_GRP_LOAD_RPT_SALES_REP_R,PRC_GET_CUR_DATA,PKG_GRP_LOAD_RPT_SALES_REP_R_PRC_GET_CUR_DATA,RPT_SALES_REP_R_EXG,V_PRIMARY_SALES_REP_NAME_R,DIM_GRP_SALES_REPRESENTATIVE_R,V_MIDDLE_NAME_R,case-when
PKG Procedure,PKG_GRP_LOAD_RPT_SALES_REP_R,PRC_GET_CUR_DATA,PKG_GRP_LOAD_RPT_SALES_REP_R_PRC_GET_CUR_DATA,RPT_SALES_REP_R_EXG,V_PRIMARY_SALES_REP_rso_R,DIM_GRP_SALES_REPRESENTATIVE_R,V_REGIONAL_OFFICE_NAME_R,case-when
PKG Procedure,PKG_GRP_LOAD_RPT_SALES_REP_R,PRC_GET_CUR_DATA,PKG_GRP_LOAD_RPT_SALES_REP_R_PRC_GET_CUR_DATA,RPT_SALES_REP_R_EXG,V_SALES_REP_NUMBER_R,,,Constant / Expression
PKG Procedure,PKG_GRP_LOAD_RPT_SALES_REP_R,PRC_GET_CUR_DATA,PKG_GRP_LOAD_RPT_SALES_REP_R_PRC_GET_CUR_DATA,RPT_SALES_REP_R_EXG,V_SECONDARY_SALES_REP_EMPLOYEE_ID_R,DIM_GRP_SALES_REPRESENTATIVE_R,N_EMPLOYEE_ID_R,case-when
PKG Procedure,PKG_GRP_LOAD_RPT_SALES_REP_R,PRC_GET_CUR_DATA,PKG_GRP_LOAD_RPT_SALES_REP_R_PRC_GET_CUR_DATA,RPT_SALES_REP_R_EXG,V_SECONDARY_SALES_REP_NAME_R,DIM_GRP_SALES_REPRESENTATIVE_R,V_FIRST_NAME_R,case-when
PKG Procedure,PKG_GRP_LOAD_RPT_SALES_REP_R,PRC_GET_CUR_DATA,PKG_GRP_LOAD_RPT_SALES_REP_R_PRC_GET_CUR_DATA,RPT_SALES_REP_R_EXG,V_SECONDARY_SALES_REP_NAME_R,DIM_GRP_SALES_REPRESENTATIVE_R,V_LAST_NAME_R,case-when
PKG Procedure,PKG_GRP_LOAD_RPT_SALES_REP_R,PRC_GET_CUR_DATA,PKG_GRP_LOAD_RPT_SALES_REP_R_PRC_GET_CUR_DATA,RPT_SALES_REP_R_EXG,V_SECONDARY_SALES_REP_NAME_R,DIM_GRP_SALES_REPRESENTATIVE_R,V_MIDDLE_NAME_R,case-when
PKG Procedure,PKG_GRP_LOAD_RPT_SALES_REP_R,PRC_GET_CUR_DATA,PKG_GRP_LOAD_RPT_SALES_REP_R_PRC_GET_CUR_DATA,RPT_SALES_REP_R_EXG,V_secondary_SALES_REP_rso_R,DIM_GRP_SALES_REPRESENTATIVE_R,V_REGIONAL_OFFICE_NAME_R,case-when
PKG Procedure,PKG_GRP_LOAD_RPT_SALES_REP_R,PRC_GET_CUR_DATA,PKG_GRP_LOAD_RPT_SALES_REP_R_PRC_GET_CUR_DATA,RPT_SALES_REP_R_EXG,V_tertiary_SALES_REP_EMPLOYEE_ID_R,DIM_GRP_SALES_REPRESENTATIVE_R,N_EMPLOYEE_ID_R,case-when
PKG Procedure,PKG_GRP_LOAD_RPT_SALES_REP_R,PRC_GET_CUR_DATA,PKG_GRP_LOAD_RPT_SALES_REP_R_PRC_GET_CUR_DATA,RPT_SALES_REP_R_EXG,V_tertiary_SALES_REP_NAME_R,DIM_GRP_SALES_REPRESENTATIVE_R,V_FIRST_NAME_R,case-when
PKG Procedure,PKG_GRP_LOAD_RPT_SALES_REP_R,PRC_GET_CUR_DATA,PKG_GRP_LOAD_RPT_SALES_REP_R_PRC_GET_CUR_DATA,RPT_SALES_REP_R_EXG,V_tertiary_SALES_REP_NAME_R,DIM_GRP_SALES_REPRESENTATIVE_R,V_LAST_NAME_R,case-when
PKG Procedure,PKG_GRP_LOAD_RPT_SALES_REP_R,PRC_GET_CUR_DATA,PKG_GRP_LOAD_RPT_SALES_REP_R_PRC_GET_CUR_DATA,RPT_SALES_REP_R_EXG,V_tertiary_SALES_REP_NAME_R,DIM_GRP_SALES_REPRESENTATIVE_R,V_MIDDLE_NAME_R,case-when
PKG Procedure,PKG_GRP_LOAD_RPT_SALES_REP_R,PRC_GET_CUR_DATA,PKG_GRP_LOAD_RPT_SALES_REP_R_PRC_GET_CUR_DATA,RPT_SALES_REP_R_EXG,V_tertiary_SALES_REP_rso_R,DIM_GRP_SALES_REPRESENTATIVE_R,V_REGIONAL_OFFICE_NAME_R,case-when
PKG Procedure,PKG_GRP_LOAD_RPT_SALES_REP_R,PRC_GET_CUR_DATA,PKG_GRP_LOAD_RPT_SALES_REP_R_PRC_GET_CUR_DATA,RPT_SALES_REP_R_EXG,n_batch_id_r,,,Constant / Expression
PKG Procedure,PKG_GRP_LOAD_RPT_SALES_REP_R,PRC_GET_CUR_DATA,PKG_GRP_LOAD_RPT_SALES_REP_R_PRC_GET_CUR_DATA,RPT_SALES_REP_R_EXG,n_policy_sk_r,dim_grp_policy_dir_r,n_policy_sk_r,Direct
PKG Procedure,PKG_GRP_LOAD_RPT_SALES_REP_R,PRC_GET_CUR_DATA,PKG_GRP_LOAD_RPT_SALES_REP_R_PRC_GET_CUR_DATA,RPT_SALES_REP_R_EXG,n_secondary_sales_rep_share_pct_r,FCT_SALES_REP_SHARE,N_SALES_REP_SHARE_R,case-when
PKG Procedure,PKG_GRP_LOAD_RPT_SALES_REP_R,PRC_GET_CUR_DATA,PKG_GRP_LOAD_RPT_SALES_REP_R_PRC_GET_CUR_DATA,RPT_SALES_REP_R_EXG,n_tertiary_sales_rep_share_pct_r,FCT_SALES_REP_SHARE,N_SALES_REP_SHARE_R,case-when
PKG Procedure,PKG_GRP_LOAD_RPT_SALES_REP_R,PRC_GET_CUR_DATA,PKG_GRP_LOAD_RPT_SALES_REP_R_PRC_GET_CUR_DATA,RPT_SALES_REP_R_EXG,t_creation_date_r,,,Constant / Expression
PKG Procedure,PKG_GRP_LOAD_RPT_SALES_REP_R,PRC_GET_CUR_DATA,PKG_GRP_LOAD_RPT_SALES_REP_R_PRC_GET_CUR_DATA,RPT_SALES_REP_R_EXG,t_last_modified_date_r,,,Constant / Expression
PKG Procedure,PKG_GRP_LOAD_RPT_SALES_REP_R,PRC_GET_CUR_DATA,PKG_GRP_LOAD_RPT_SALES_REP_R_PRC_GET_CUR_DATA,RPT_SALES_REP_R_EXG,v_created_by_r,,,Constant / Expression
PKG Procedure,PKG_GRP_LOAD_RPT_SALES_REP_R,PRC_GET_CUR_DATA,PKG_GRP_LOAD_RPT_SALES_REP_R_PRC_GET_CUR_DATA,RPT_SALES_REP_R_EXG,v_last_modified_by_r,,,Constant / Expression
PKG Procedure,PKG_GRP_LOAD_RPT_SALES_REP_R,PRC_GET_CUR_DATA,PKG_GRP_LOAD_RPT_SALES_REP_R_PRC_GET_CUR_DATA,RPT_SALES_REP_R_EXG,v_rpt_active_status_r,,,Constant / Expression
PKG Procedure,PKG_GRP_LOAD_RPT_SALES_REP_R,PRC_INSERT_DUMMY_REC,PKG_GRP_LOAD_RPT_SALES_REP_R_PRC_INSERT_DUMMY_REC,RPT_SALES_REP_R,n_batch_id_r,RPT_SALES_REP_R,gn_sysdt_batchid,Direct
PKG Procedure,PKG_GRP_LOAD_RPT_SALES_REP_R,PRC_INSERT_DUMMY_REC,PKG_GRP_LOAD_RPT_SALES_REP_R_PRC_INSERT_DUMMY_REC,RPT_SALES_REP_R,n_yearmonth_r,RPT_SALES_REP_R,gn_current_month,Direct
PKG Procedure,PKG_GRP_LOAD_RPT_SALES_REP_R,PRC_INSERT_DUMMY_REC,PKG_GRP_LOAD_RPT_SALES_REP_R_PRC_INSERT_DUMMY_REC,RPT_SALES_REP_R,t_creation_date_r,RPT_SALES_REP_R,gd_sysdate,Direct
PKG Procedure,PKG_GRP_LOAD_RPT_SALES_REP_R,PRC_INSERT_DUMMY_REC,PKG_GRP_LOAD_RPT_SALES_REP_R_PRC_INSERT_DUMMY_REC,RPT_SALES_REP_R,t_last_modified_date_r,RPT_SALES_REP_R,gd_sysdate,Direct
PKG Procedure,PKG_GRP_LOAD_RPT_SALES_REP_R,PRC_INSERT_DUMMY_REC,PKG_GRP_LOAD_RPT_SALES_REP_R_PRC_INSERT_DUMMY_REC,RPT_SALES_REP_R,v_created_by_r,RPT_SALES_REP_R,gc_main_loadedby,Direct
PKG Procedure,PKG_GRP_LOAD_RPT_SALES_REP_R,PRC_INSERT_DUMMY_REC,PKG_GRP_LOAD_RPT_SALES_REP_R_PRC_INSERT_DUMMY_REC,RPT_SALES_REP_R,v_last_modified_by_r,RPT_SALES_REP_R,gc_main_loadedby,Direct
PKG Procedure,PKG_GRP_LOAD_RPT_SUSPENSE_DTL_R,PRC_GET_CUR_DATA,PKG_GRP_LOAD_RPT_SUSPENSE_DTL_R_PRC_GET_CUR_DATA,RPT_suspense_dtl_R_exg,d_posted_date_r,fct_billing_policy_suspense_r,d_delete_date_r,Direct
PKG Procedure,PKG_GRP_LOAD_RPT_SUSPENSE_DTL_R,PRC_GET_CUR_DATA,PKG_GRP_LOAD_RPT_SUSPENSE_DTL_R_PRC_GET_CUR_DATA,RPT_suspense_dtl_R_exg,d_suspense_date_r,fct_billing_policy_suspense_r,d_transaction_date_r,Direct
PKG Procedure,PKG_GRP_LOAD_RPT_SUSPENSE_DTL_R,PRC_GET_CUR_DATA,PKG_GRP_LOAD_RPT_SUSPENSE_DTL_R_PRC_GET_CUR_DATA,RPT_suspense_dtl_R_exg,d_suspense_due_date_r,fct_billing_policy_suspense_r,d_due_date_r,Direct
PKG Procedure,PKG_GRP_LOAD_RPT_SUSPENSE_DTL_R,PRC_GET_CUR_DATA,PKG_GRP_LOAD_RPT_SUSPENSE_DTL_R_PRC_GET_CUR_DATA,RPT_suspense_dtl_R_exg,d_suspense_insert_date_r,fct_billing_policy_suspense_r,d_insert_date_r,Direct
PKG Procedure,PKG_GRP_LOAD_RPT_SUSPENSE_DTL_R,PRC_GET_CUR_DATA,PKG_GRP_LOAD_RPT_SUSPENSE_DTL_R_PRC_GET_CUR_DATA,RPT_suspense_dtl_R_exg,n_batch_id_r,,,Constant / Expression
PKG Procedure,PKG_GRP_LOAD_RPT_SUSPENSE_DTL_R,PRC_GET_CUR_DATA,PKG_GRP_LOAD_RPT_SUSPENSE_DTL_R_PRC_GET_CUR_DATA,RPT_suspense_dtl_R_exg,n_billgroup_sk_r,dim_grp_billing_pol_billgrp_r,n_policy_billgroup_sk_r,Direct
PKG Procedure,PKG_GRP_LOAD_RPT_SUSPENSE_DTL_R,PRC_GET_CUR_DATA,PKG_GRP_LOAD_RPT_SUSPENSE_DTL_R_PRC_GET_CUR_DATA,RPT_suspense_dtl_R_exg,n_cust_party_sk_r,fct_grp_policy_r,n_cust_party_sk_r,Direct
PKG Procedure,PKG_GRP_LOAD_RPT_SUSPENSE_DTL_R,PRC_GET_CUR_DATA,PKG_GRP_LOAD_RPT_SUSPENSE_DTL_R_PRC_GET_CUR_DATA,RPT_suspense_dtl_R_exg,n_days_in_suspense_r,fct_billing_policy_suspense_r,d_transaction_date_r,Direct
PKG Procedure,PKG_GRP_LOAD_RPT_SUSPENSE_DTL_R,PRC_GET_CUR_DATA,PKG_GRP_LOAD_RPT_SUSPENSE_DTL_R_PRC_GET_CUR_DATA,RPT_suspense_dtl_R_exg,n_most_recent_premium_amount_r,,,Constant / Expression
PKG Procedure,PKG_GRP_LOAD_RPT_SUSPENSE_DTL_R,PRC_GET_CUR_DATA,PKG_GRP_LOAD_RPT_SUSPENSE_DTL_R_PRC_GET_CUR_DATA,RPT_suspense_dtl_R_exg,n_policy_sk_r,dim_grp_policy_dir_r,n_policy_sk_r,Direct
PKG Procedure,PKG_GRP_LOAD_RPT_SUSPENSE_DTL_R,PRC_GET_CUR_DATA,PKG_GRP_LOAD_RPT_SUSPENSE_DTL_R_PRC_GET_CUR_DATA,RPT_suspense_dtl_R_exg,n_src_policy_billgroup_id_r,fct_billing_policy_suspense_r,n_src_policy_billgroup_id_r,Direct
PKG Procedure,PKG_GRP_LOAD_RPT_SUSPENSE_DTL_R,PRC_GET_CUR_DATA,PKG_GRP_LOAD_RPT_SUSPENSE_DTL_R_PRC_GET_CUR_DATA,RPT_suspense_dtl_R_exg,n_src_policy_id_r,fct_billing_policy_suspense_r,n_src_policy_id_r,Direct
PKG Procedure,PKG_GRP_LOAD_RPT_SUSPENSE_DTL_R,PRC_GET_CUR_DATA,PKG_GRP_LOAD_RPT_SUSPENSE_DTL_R_PRC_GET_CUR_DATA,RPT_suspense_dtl_R_exg,n_suspense_amount_r,fct_billing_policy_suspense_r,n_amount_r,Direct
PKG Procedure,PKG_GRP_LOAD_RPT_SUSPENSE_DTL_R,PRC_GET_CUR_DATA,PKG_GRP_LOAD_RPT_SUSPENSE_DTL_R_PRC_GET_CUR_DATA,RPT_suspense_dtl_R_exg,n_suspense_premium_id_r,fct_billing_policy_suspense_r,n_src_suspense_premium_id_r,Direct
PKG Procedure,PKG_GRP_LOAD_RPT_SUSPENSE_DTL_R,PRC_GET_CUR_DATA,PKG_GRP_LOAD_RPT_SUSPENSE_DTL_R_PRC_GET_CUR_DATA,RPT_suspense_dtl_R_exg,n_yearmonth_r,,,Constant / Expression
PKG Procedure,PKG_GRP_LOAD_RPT_SUSPENSE_DTL_R,PRC_GET_CUR_DATA,PKG_GRP_LOAD_RPT_SUSPENSE_DTL_R_PRC_GET_CUR_DATA,RPT_suspense_dtl_R_exg,t_creation_date_r,,,Constant / Expression
PKG Procedure,PKG_GRP_LOAD_RPT_SUSPENSE_DTL_R,PRC_GET_CUR_DATA,PKG_GRP_LOAD_RPT_SUSPENSE_DTL_R_PRC_GET_CUR_DATA,RPT_suspense_dtl_R_exg,t_last_modified_date_r,,,Constant / Expression
PKG Procedure,PKG_GRP_LOAD_RPT_SUSPENSE_DTL_R,PRC_GET_CUR_DATA,PKG_GRP_LOAD_RPT_SUSPENSE_DTL_R_PRC_GET_CUR_DATA,RPT_suspense_dtl_R_exg,v_cash_error_ind_r,,,Constant / Expression
PKG Procedure,PKG_GRP_LOAD_RPT_SUSPENSE_DTL_R,PRC_GET_CUR_DATA,PKG_GRP_LOAD_RPT_SUSPENSE_DTL_R_PRC_GET_CUR_DATA,RPT_suspense_dtl_R_exg,v_created_by_r,,,Constant / Expression
PKG Procedure,PKG_GRP_LOAD_RPT_SUSPENSE_DTL_R,PRC_GET_CUR_DATA,PKG_GRP_LOAD_RPT_SUSPENSE_DTL_R_PRC_GET_CUR_DATA,RPT_suspense_dtl_R_exg,v_last_modified_by_r,,,Constant / Expression
PKG Procedure,PKG_GRP_LOAD_RPT_SUSPENSE_DTL_R,PRC_GET_CUR_DATA,PKG_GRP_LOAD_RPT_SUSPENSE_DTL_R_PRC_GET_CUR_DATA,RPT_suspense_dtl_R_exg,v_rpt_active_status_r,,,Constant / Expression
PKG Procedure,PKG_GRP_LOAD_RPT_SUSPENSE_DTL_R,PRC_GET_CUR_DATA,PKG_GRP_LOAD_RPT_SUSPENSE_DTL_R_PRC_GET_CUR_DATA,RPT_suspense_dtl_R_exg,v_suspense_description_r,fct_billing_policy_suspense_r,v_description_r,Direct
PKG Procedure,PKG_GRP_LOAD_RPT_SUSPENSE_DTL_R,PRC_GET_CUR_DATA,PKG_GRP_LOAD_RPT_SUSPENSE_DTL_R_PRC_GET_CUR_DATA,RPT_suspense_dtl_R_exg,v_suspense_operator_fullname_r,dim_sec_user_r,v_full_name_r,nvl
PKG Procedure,PKG_GRP_LOAD_RPT_SUSPENSE_DTL_R,PRC_GET_CUR_DATA,PKG_GRP_LOAD_RPT_SUSPENSE_DTL_R_PRC_GET_CUR_DATA,RPT_suspense_dtl_R_exg,v_suspense_operator_fullname_r,fct_billing_policy_suspense_r,v_suspense_operator_r,nvl
PKG Procedure,PKG_GRP_LOAD_RPT_SUSPENSE_DTL_R,PRC_GET_CUR_DATA,PKG_GRP_LOAD_RPT_SUSPENSE_DTL_R_PRC_GET_CUR_DATA,RPT_suspense_dtl_R_exg,v_suspense_operator_r,fct_billing_policy_suspense_r,v_suspense_operator_r,Direct
PKG Procedure,PKG_GRP_LOAD_RPT_SUSPENSE_DTL_R,PRC_GET_CUR_DATA,PKG_GRP_LOAD_RPT_SUSPENSE_DTL_R_PRC_GET_CUR_DATA,RPT_suspense_dtl_R_exg,v_suspense_operator_username_r,fct_billing_policy_suspense_r,v_user_name_r,Direct
Standalone Procedure,,PRC_GRP_LOAD_FCT_BILLING_POLICY_SUSPENSE_R_POSTED,PRC_GRP_LOAD_FCT_BILLING_POLICY_SUSPENSE_R_POSTED,fct_billing_policy_suspense_r_posted,*,,,Constant / Expression
Standalone Procedure,,PRC_GRP_LOAD_FCT_BILLING_POLICY_SUSPENSE_R_POSTED,PRC_GRP_LOAD_FCT_BILLING_POLICY_SUSPENSE_R_POSTED,fct_billing_policy_suspense_r_posted,D_DELETE_DATE_R,fct_billing_policy_suspense_r,d_delete_date_r,Direct
Standalone Procedure,,PRC_GRP_LOAD_FCT_BILLING_POLICY_SUSPENSE_R_POSTED,PRC_GRP_LOAD_FCT_BILLING_POLICY_SUSPENSE_R_POSTED,fct_billing_policy_suspense_r_posted,N_AMOUNT_R,fct_billing_policy_suspense_r,n_amount_r,Direct
Standalone Procedure,,PRC_GRP_LOAD_FCT_BILLING_POLICY_SUSPENSE_R_POSTED,PRC_GRP_LOAD_FCT_BILLING_POLICY_SUSPENSE_R_POSTED,fct_billing_policy_suspense_r_posted,N_SRC_POLICY_ID_R,fct_billing_policy_suspense_r,N_SRC_POLICY_ID_R,Direct
Standalone Procedure,,PRC_GRP_LOAD_FCT_BILLING_POLICY_SUSPENSE_R_POSTED,PRC_GRP_LOAD_FCT_BILLING_POLICY_SUSPENSE_R_POSTED,fct_billing_policy_suspense_r_posted,N_SRC_SUSPENSE_PREMIUM_ID_R,fct_billing_policy_suspense_r,N_SRC_SUSPENSE_PREMIUM_ID_R,Direct
Standalone Procedure,,PRC_GRP_LOAD_FCT_INCURRED_SUMMARY_R,PRC_GRP_LOAD_FCT_INCURRED_SUMMARY_R,tmp_FCT_RPT_ANN_PREM_SUMMARY_R,D_AS_OF_DATE_R,DIM_TIME_R,LD_SYSDATE,D_AS_OF_DATE_R
Standalone Procedure,,PRC_GRP_LOAD_FCT_INCURRED_SUMMARY_R,PRC_GRP_LOAD_FCT_INCURRED_SUMMARY_R,tmp_FCT_RPT_ANN_PREM_SUMMARY_R,D_CYCLE_DATE_R,DIM_TIME_R,D_CALENDAR_DATE_R,D_CYCLE_DATE_R
Standalone Procedure,,PRC_GRP_LOAD_FCT_INCURRED_SUMMARY_R,PRC_GRP_LOAD_FCT_INCURRED_SUMMARY_R,tmp_FCT_RPT_ANN_PREM_SUMMARY_R,D_UW_DATE_R,FCT_RPT_ANN_PREM_SUMMARY_R,D_DUE_DATE_R,D_UW_DATE_R -> trunc
Standalone Procedure,,PRC_GRP_LOAD_FCT_INCURRED_SUMMARY_R,PRC_GRP_LOAD_FCT_INCURRED_SUMMARY_R,tmp_FCT_RPT_ANN_PREM_SUMMARY_R,N_CURR_ANNUALIZED_PREMIUM_R,FCT_RPT_ANN_PREM_SUMMARY_R,N_ANNUALIZED_PREMIUM_R,N_CURR_ANNUALIZED_PREMIUM_R
Standalone Procedure,,PRC_GRP_LOAD_FCT_INCURRED_SUMMARY_R,PRC_GRP_LOAD_FCT_INCURRED_SUMMARY_R,tmp_FCT_RPT_ANN_PREM_SUMMARY_R,N_CURR_NUMBER_OF_LIVES_R,FCT_RPT_ANN_PREM_SUMMARY_R,N_YTD_CURR_POLICY_LIVES_R,N_CURR_NUMBER_OF_LIVES_R
Standalone Procedure,,PRC_GRP_LOAD_FCT_INCURRED_SUMMARY_R,PRC_GRP_LOAD_FCT_INCURRED_SUMMARY_R,tmp_FCT_RPT_ANN_PREM_SUMMARY_R,N_GROSS_LIVES_R,FCT_RPT_ANN_PREM_SUMMARY_R,N_GROSS_LIVES_R,N_GROSS_LIVES_R
Standalone Procedure,,PRC_GRP_LOAD_FCT_INCURRED_SUMMARY_R,PRC_GRP_LOAD_FCT_INCURRED_SUMMARY_R,tmp_FCT_RPT_ANN_PREM_SUMMARY_R,N_POLICY_SK_R,FCT_RPT_ANN_PREM_SUMMARY_R,N_POLICY_SK_R,N_POLICY_SK_R
Standalone Procedure,,PRC_GRP_LOAD_FCT_INCURRED_SUMMARY_R,PRC_GRP_LOAD_FCT_INCURRED_SUMMARY_R,tmp_FCT_RPT_ANN_PREM_SUMMARY_R,N_party_sk_r,fct_grp_policy_r,n_cust_party_sk_r,N_party_sk_r -> nvl -> n_cust_party_sk_r
Standalone Procedure,,PRC_GRP_LOAD_FCT_INCURRED_SUMMARY_R,PRC_GRP_LOAD_FCT_INCURRED_SUMMARY_R,tmp_FCT_RPT_ANN_PREM_SUMMARY_R,V_COVERAGE_R,DIM_GRP_PRODUCT_R,V_BASIC_PRODUCT_LINE_CODE_R,V_COVERAGE_R -> V_BASIC_PRODUCT_LINE_CODE_R
Standalone Procedure,,PRC_GRP_LOAD_FCT_INCURRED_SUMMARY_R,PRC_GRP_LOAD_FCT_INCURRED_SUMMARY_R,tmp_FCT_RPT_ANN_PREM_SUMMARY_R,V_PRODUCT_LINE_R,DIM_GRP_PRODUCT_R,V_PRODUCT_LINE_R,V_PRODUCT_LINE_R
Standalone Procedure,,PRC_GRP_LOAD_FCT_INCURRED_SUMMARY_R,PRC_GRP_LOAD_FCT_INCURRED_SUMMARY_R,tmp_FCT_RPT_ANN_PREM_SUMMARY_R,V_PRODUCT_SUB_LINE_CODE_R,DIM_GRP_PRODUCT_R,V_PRODUCT_SUB_LINE_CODE_R,V_PRODUCT_SUB_LINE_CODE_R
Standalone Procedure,,PRC_GRP_LOAD_FCT_INCURRED_SUMMARY_R,PRC_GRP_LOAD_FCT_INCURRED_SUMMARY_R,tmp_FCT_RPT_ANN_PREM_SUMMARY_R,v_policy_prefix_r,dim_grp_policy_dir_r,v_policy_prefix_r,v_policy_prefix_r
Standalone Procedure,,PRC_GRP_LOAD_FCT_INCURRED_SUMMARY_R,PRC_GRP_LOAD_FCT_INCURRED_SUMMARY_R,tmp_FCT_RPT_ANN_PREM_SUMMARY_R,v_policy_suffix_r,dim_grp_policy_dir_r,v_policy_suffix_r,v_policy_suffix_r
Standalone Procedure,,PRC_GRP_LOAD_FCT_RPT_EARN_PREMIUM_SUMMARY_R_MGIS,PRC_GRP_LOAD_FCT_RPT_EARN_PREMIUM_SUMMARY_R_MGIS,fct_rpt_premium_summary_r,d_cycle_date_r,,,Constant / Expression
Standalone Procedure,,PRC_GRP_LOAD_FCT_RPT_EARN_PREMIUM_SUMMARY_R_MGIS,PRC_GRP_LOAD_FCT_RPT_EARN_PREMIUM_SUMMARY_R_MGIS,fct_rpt_premium_summary_r,d_due_date_r,,,Constant / Expression
Standalone Procedure,,PRC_GRP_LOAD_FCT_RPT_EARN_PREMIUM_SUMMARY_R_MGIS,PRC_GRP_LOAD_FCT_RPT_EARN_PREMIUM_SUMMARY_R_MGIS,fct_rpt_premium_summary_r,d_prior_cycle_date_r,,,Constant / Expression
Standalone Procedure,,PRC_GRP_LOAD_FCT_RPT_EARN_PREMIUM_SUMMARY_R_MGIS,PRC_GRP_LOAD_FCT_RPT_EARN_PREMIUM_SUMMARY_R_MGIS,fct_rpt_premium_summary_r,f_physical_delete_r,,,Constant / Expression
Standalone Procedure,,PRC_GRP_LOAD_FCT_RPT_EARN_PREMIUM_SUMMARY_R_MGIS,PRC_GRP_LOAD_FCT_RPT_EARN_PREMIUM_SUMMARY_R_MGIS,fct_rpt_premium_summary_r,fic_mis_date_r,,,Constant / Expression
Standalone Procedure,,PRC_GRP_LOAD_FCT_RPT_EARN_PREMIUM_SUMMARY_R_MGIS,PRC_GRP_LOAD_FCT_RPT_EARN_PREMIUM_SUMMARY_R_MGIS,fct_rpt_premium_summary_r,n_batch_id_r,,,Constant / Expression
Standalone Procedure,,PRC_GRP_LOAD_FCT_RPT_EARN_PREMIUM_SUMMARY_R_MGIS,PRC_GRP_LOAD_FCT_RPT_EARN_PREMIUM_SUMMARY_R_MGIS,fct_rpt_premium_summary_r,n_chg_due_prem_amt_fin_r,,,Constant / Expression
Standalone Procedure,,PRC_GRP_LOAD_FCT_RPT_EARN_PREMIUM_SUMMARY_R_MGIS,PRC_GRP_LOAD_FCT_RPT_EARN_PREMIUM_SUMMARY_R_MGIS,fct_rpt_premium_summary_r,n_chg_due_prem_amt_r,,,Constant / Expression
Standalone Procedure,,PRC_GRP_LOAD_FCT_RPT_EARN_PREMIUM_SUMMARY_R_MGIS,PRC_GRP_LOAD_FCT_RPT_EARN_PREMIUM_SUMMARY_R_MGIS,fct_rpt_premium_summary_r,n_chg_due_prem_amt_r_all,,,Constant / Expression
Standalone Procedure,,PRC_GRP_LOAD_FCT_RPT_EARN_PREMIUM_SUMMARY_R_MGIS,PRC_GRP_LOAD_FCT_RPT_EARN_PREMIUM_SUMMARY_R_MGIS,fct_rpt_premium_summary_r,n_chg_due_prem_ceded_amt_r,,,Constant / Expression
Standalone Procedure,,PRC_GRP_LOAD_FCT_RPT_EARN_PREMIUM_SUMMARY_R_MGIS,PRC_GRP_LOAD_FCT_RPT_EARN_PREMIUM_SUMMARY_R_MGIS,fct_rpt_premium_summary_r,n_chg_due_prem_net_amt_r,,,Constant / Expression
Standalone Procedure,,PRC_GRP_LOAD_FCT_RPT_EARN_PREMIUM_SUMMARY_R_MGIS,PRC_GRP_LOAD_FCT_RPT_EARN_PREMIUM_SUMMARY_R_MGIS,fct_rpt_premium_summary_r,n_chg_due_prem_unearned_amt_r,,,Constant / Expression
Standalone Procedure,,PRC_GRP_LOAD_FCT_RPT_EARN_PREMIUM_SUMMARY_R_MGIS,PRC_GRP_LOAD_FCT_RPT_EARN_PREMIUM_SUMMARY_R_MGIS,fct_rpt_premium_summary_r,n_chg_due_prem_unearned_amt_r_all,,,Constant / Expression
Standalone Procedure,,PRC_GRP_LOAD_FCT_RPT_EARN_PREMIUM_SUMMARY_R_MGIS,PRC_GRP_LOAD_FCT_RPT_EARN_PREMIUM_SUMMARY_R_MGIS,fct_rpt_premium_summary_r,n_chg_due_prm_unrnd_ceded_amt_r,,,Constant / Expression
Standalone Procedure,,PRC_GRP_LOAD_FCT_RPT_EARN_PREMIUM_SUMMARY_R_MGIS,PRC_GRP_LOAD_FCT_RPT_EARN_PREMIUM_SUMMARY_R_MGIS,fct_rpt_premium_summary_r,n_chg_due_prm_unrnd_net_amt_r,,,Constant / Expression
Standalone Procedure,,PRC_GRP_LOAD_FCT_RPT_EARN_PREMIUM_SUMMARY_R_MGIS,PRC_GRP_LOAD_FCT_RPT_EARN_PREMIUM_SUMMARY_R_MGIS,fct_rpt_premium_summary_r,n_chg_dueprem_unearned_fin_r,,,Constant / Expression
Standalone Procedure,,PRC_GRP_LOAD_FCT_RPT_EARN_PREMIUM_SUMMARY_R_MGIS,PRC_GRP_LOAD_FCT_RPT_EARN_PREMIUM_SUMMARY_R_MGIS,fct_rpt_premium_summary_r,n_chg_prem_unearned_amt_r,,,Constant / Expression
Standalone Procedure,,PRC_GRP_LOAD_FCT_RPT_EARN_PREMIUM_SUMMARY_R_MGIS,PRC_GRP_LOAD_FCT_RPT_EARN_PREMIUM_SUMMARY_R_MGIS,fct_rpt_premium_summary_r,n_chg_prem_unearned_amt_r_all,,,Constant / Expression
Standalone Procedure,,PRC_GRP_LOAD_FCT_RPT_EARN_PREMIUM_SUMMARY_R_MGIS,PRC_GRP_LOAD_FCT_RPT_EARN_PREMIUM_SUMMARY_R_MGIS,fct_rpt_premium_summary_r,n_chg_prem_unearned_ceded_amt_r,,,Constant / Expression
Standalone Procedure,,PRC_GRP_LOAD_FCT_RPT_EARN_PREMIUM_SUMMARY_R_MGIS,PRC_GRP_LOAD_FCT_RPT_EARN_PREMIUM_SUMMARY_R_MGIS,fct_rpt_premium_summary_r,n_chg_prem_unearned_net_amt_r,,,Constant / Expression
Standalone Procedure,,PRC_GRP_LOAD_FCT_RPT_EARN_PREMIUM_SUMMARY_R_MGIS,PRC_GRP_LOAD_FCT_RPT_EARN_PREMIUM_SUMMARY_R_MGIS,fct_rpt_premium_summary_r,n_claim_sk_r,,,Constant / Expression
Standalone Procedure,,PRC_GRP_LOAD_FCT_RPT_EARN_PREMIUM_SUMMARY_R_MGIS,PRC_GRP_LOAD_FCT_RPT_EARN_PREMIUM_SUMMARY_R_MGIS,fct_rpt_premium_summary_r,n_coll_prem_ceded_amt_r,,,Constant / Expression
Standalone Procedure,,PRC_GRP_LOAD_FCT_RPT_EARN_PREMIUM_SUMMARY_R_MGIS,PRC_GRP_LOAD_FCT_RPT_EARN_PREMIUM_SUMMARY_R_MGIS,fct_rpt_premium_summary_r,n_coll_prem_net_amt_r,,,Constant / Expression
Standalone Procedure,,PRC_GRP_LOAD_FCT_RPT_EARN_PREMIUM_SUMMARY_R_MGIS,PRC_GRP_LOAD_FCT_RPT_EARN_PREMIUM_SUMMARY_R_MGIS,fct_rpt_premium_summary_r,n_collected_premium_amt_r,,,Constant / Expression
Standalone Procedure,,PRC_GRP_LOAD_FCT_RPT_EARN_PREMIUM_SUMMARY_R_MGIS,PRC_GRP_LOAD_FCT_RPT_EARN_PREMIUM_SUMMARY_R_MGIS,fct_rpt_premium_summary_r,n_collected_premium_unearned_amt_r,,,Constant / Expression
Standalone Procedure,,PRC_GRP_LOAD_FCT_RPT_EARN_PREMIUM_SUMMARY_R_MGIS,PRC_GRP_LOAD_FCT_RPT_EARN_PREMIUM_SUMMARY_R_MGIS,fct_rpt_premium_summary_r,n_constant_earned_prem_amt_r,,,Constant / Expression
Standalone Procedure,,PRC_GRP_LOAD_FCT_RPT_EARN_PREMIUM_SUMMARY_R_MGIS,PRC_GRP_LOAD_FCT_RPT_EARN_PREMIUM_SUMMARY_R_MGIS,fct_rpt_premium_summary_r,n_due_prem_amt_fin_r,,,Constant / Expression
Standalone Procedure,,PRC_GRP_LOAD_FCT_RPT_EARN_PREMIUM_SUMMARY_R_MGIS,PRC_GRP_LOAD_FCT_RPT_EARN_PREMIUM_SUMMARY_R_MGIS,fct_rpt_premium_summary_r,n_due_prem_amt_r,,,Constant / Expression
Standalone Procedure,,PRC_GRP_LOAD_FCT_RPT_EARN_PREMIUM_SUMMARY_R_MGIS,PRC_GRP_LOAD_FCT_RPT_EARN_PREMIUM_SUMMARY_R_MGIS,fct_rpt_premium_summary_r,n_due_prem_amt_r_all,,,Constant / Expression
Standalone Procedure,,PRC_GRP_LOAD_FCT_RPT_EARN_PREMIUM_SUMMARY_R_MGIS,PRC_GRP_LOAD_FCT_RPT_EARN_PREMIUM_SUMMARY_R_MGIS,fct_rpt_premium_summary_r,n_due_prem_ceded_amt_r,,,Constant / Expression
Standalone Procedure,,PRC_GRP_LOAD_FCT_RPT_EARN_PREMIUM_SUMMARY_R_MGIS,PRC_GRP_LOAD_FCT_RPT_EARN_PREMIUM_SUMMARY_R_MGIS,fct_rpt_premium_summary_r,n_due_prem_net_amt_r,,,Constant / Expression
Standalone Procedure,,PRC_GRP_LOAD_FCT_RPT_EARN_PREMIUM_SUMMARY_R_MGIS,PRC_GRP_LOAD_FCT_RPT_EARN_PREMIUM_SUMMARY_R_MGIS,fct_rpt_premium_summary_r,n_due_prem_unearned_amt,,,Constant / Expression
Standalone Procedure,,PRC_GRP_LOAD_FCT_RPT_EARN_PREMIUM_SUMMARY_R_MGIS,PRC_GRP_LOAD_FCT_RPT_EARN_PREMIUM_SUMMARY_R_MGIS,fct_rpt_premium_summary_r,n_due_prem_unearned_amt_all,,,Constant / Expression
Standalone Procedure,,PRC_GRP_LOAD_FCT_RPT_EARN_PREMIUM_SUMMARY_R_MGIS,PRC_GRP_LOAD_FCT_RPT_EARN_PREMIUM_SUMMARY_R_MGIS,fct_rpt_premium_summary_r,n_due_prem_unearned_amt_fin_r,,,Constant / Expression
Standalone Procedure,,PRC_GRP_LOAD_FCT_RPT_EARN_PREMIUM_SUMMARY_R_MGIS,PRC_GRP_LOAD_FCT_RPT_EARN_PREMIUM_SUMMARY_R_MGIS,fct_rpt_premium_summary_r,n_due_prem_unearned_ceded_amt_r,,,Constant / Expression
Standalone Procedure,,PRC_GRP_LOAD_FCT_RPT_EARN_PREMIUM_SUMMARY_R_MGIS,PRC_GRP_LOAD_FCT_RPT_EARN_PREMIUM_SUMMARY_R_MGIS,fct_rpt_premium_summary_r,n_due_prem_unearned_net_amt_r,,,Constant / Expression
Standalone Procedure,,PRC_GRP_LOAD_FCT_RPT_EARN_PREMIUM_SUMMARY_R_MGIS,PRC_GRP_LOAD_FCT_RPT_EARN_PREMIUM_SUMMARY_R_MGIS,fct_rpt_premium_summary_r,n_earned_prem_amt_r,,,Constant / Expression
Standalone Procedure,,PRC_GRP_LOAD_FCT_RPT_EARN_PREMIUM_SUMMARY_R_MGIS,PRC_GRP_LOAD_FCT_RPT_EARN_PREMIUM_SUMMARY_R_MGIS,fct_rpt_premium_summary_r,n_earned_prem_amt_r_all,,,Constant / Expression
Standalone Procedure,,PRC_GRP_LOAD_FCT_RPT_EARN_PREMIUM_SUMMARY_R_MGIS,PRC_GRP_LOAD_FCT_RPT_EARN_PREMIUM_SUMMARY_R_MGIS,fct_rpt_premium_summary_r,n_earned_prem_ceded_amt_r,,,Constant / Expression
Standalone Procedure,,PRC_GRP_LOAD_FCT_RPT_EARN_PREMIUM_SUMMARY_R_MGIS,PRC_GRP_LOAD_FCT_RPT_EARN_PREMIUM_SUMMARY_R_MGIS,fct_rpt_premium_summary_r,n_earned_prem_net_amt_r,,,Constant / Expression
Standalone Procedure,,PRC_GRP_LOAD_FCT_RPT_EARN_PREMIUM_SUMMARY_R_MGIS,PRC_GRP_LOAD_FCT_RPT_EARN_PREMIUM_SUMMARY_R_MGIS,fct_rpt_premium_summary_r,n_load_run_id_r,,,Constant / Expression
Standalone Procedure,,PRC_GRP_LOAD_FCT_RPT_EARN_PREMIUM_SUMMARY_R_MGIS,PRC_GRP_LOAD_FCT_RPT_EARN_PREMIUM_SUMMARY_R_MGIS,fct_rpt_premium_summary_r,n_mtd_chg_collected_premium_amt_r,,,Constant / Expression
Standalone Procedure,,PRC_GRP_LOAD_FCT_RPT_EARN_PREMIUM_SUMMARY_R_MGIS,PRC_GRP_LOAD_FCT_RPT_EARN_PREMIUM_SUMMARY_R_MGIS,fct_rpt_premium_summary_r,n_mtd_collected_premium_unearned_amt_r,,,Constant / Expression
Standalone Procedure,,PRC_GRP_LOAD_FCT_RPT_EARN_PREMIUM_SUMMARY_R_MGIS,PRC_GRP_LOAD_FCT_RPT_EARN_PREMIUM_SUMMARY_R_MGIS,fct_rpt_premium_summary_r,n_party_sk_r,,,Constant / Expression
Standalone Procedure,,PRC_GRP_LOAD_FCT_RPT_EARN_PREMIUM_SUMMARY_R_MGIS,PRC_GRP_LOAD_FCT_RPT_EARN_PREMIUM_SUMMARY_R_MGIS,fct_rpt_premium_summary_r,n_policy_sk_r,,,Constant / Expression
Standalone Procedure,,PRC_GRP_LOAD_FCT_RPT_EARN_PREMIUM_SUMMARY_R_MGIS,PRC_GRP_LOAD_FCT_RPT_EARN_PREMIUM_SUMMARY_R_MGIS,fct_rpt_premium_summary_r,n_prem_unearned_amt,,,Constant / Expression
Standalone Procedure,,PRC_GRP_LOAD_FCT_RPT_EARN_PREMIUM_SUMMARY_R_MGIS,PRC_GRP_LOAD_FCT_RPT_EARN_PREMIUM_SUMMARY_R_MGIS,fct_rpt_premium_summary_r,n_prem_unearned_amt_all,,,Constant / Expression
Standalone Procedure,,PRC_GRP_LOAD_FCT_RPT_EARN_PREMIUM_SUMMARY_R_MGIS,PRC_GRP_LOAD_FCT_RPT_EARN_PREMIUM_SUMMARY_R_MGIS,fct_rpt_premium_summary_r,n_prem_unearned_ceded_amt_r,,,Constant / Expression
Standalone Procedure,,PRC_GRP_LOAD_FCT_RPT_EARN_PREMIUM_SUMMARY_R_MGIS,PRC_GRP_LOAD_FCT_RPT_EARN_PREMIUM_SUMMARY_R_MGIS,fct_rpt_premium_summary_r,n_prem_unearned_net_amt_r,,,Constant / Expression
Standalone Procedure,,PRC_GRP_LOAD_FCT_RPT_EARN_PREMIUM_SUMMARY_R_MGIS,PRC_GRP_LOAD_FCT_RPT_EARN_PREMIUM_SUMMARY_R_MGIS,fct_rpt_premium_summary_r,n_primary_reins_prem_pct_r,,,Constant / Expression
Standalone Procedure,,PRC_GRP_LOAD_FCT_RPT_EARN_PREMIUM_SUMMARY_R_MGIS,PRC_GRP_LOAD_FCT_RPT_EARN_PREMIUM_SUMMARY_R_MGIS,fct_rpt_premium_summary_r,n_prior_due_prem_amt_fin_r,,,Constant / Expression
Standalone Procedure,,PRC_GRP_LOAD_FCT_RPT_EARN_PREMIUM_SUMMARY_R_MGIS,PRC_GRP_LOAD_FCT_RPT_EARN_PREMIUM_SUMMARY_R_MGIS,fct_rpt_premium_summary_r,n_prior_due_prem_amt_r,,,Constant / Expression
Standalone Procedure,,PRC_GRP_LOAD_FCT_RPT_EARN_PREMIUM_SUMMARY_R_MGIS,PRC_GRP_LOAD_FCT_RPT_EARN_PREMIUM_SUMMARY_R_MGIS,fct_rpt_premium_summary_r,n_prior_due_prem_amt_r_all,,,Constant / Expression
Standalone Procedure,,PRC_GRP_LOAD_FCT_RPT_EARN_PREMIUM_SUMMARY_R_MGIS,PRC_GRP_LOAD_FCT_RPT_EARN_PREMIUM_SUMMARY_R_MGIS,fct_rpt_premium_summary_r,n_prior_dueprem_unearned_amt_r,,,Constant / Expression
Standalone Procedure,,PRC_GRP_LOAD_FCT_RPT_EARN_PREMIUM_SUMMARY_R_MGIS,PRC_GRP_LOAD_FCT_RPT_EARN_PREMIUM_SUMMARY_R_MGIS,fct_rpt_premium_summary_r,n_prior_dueprem_unearned_amt_r_all,,,Constant / Expression
Standalone Procedure,,PRC_GRP_LOAD_FCT_RPT_EARN_PREMIUM_SUMMARY_R_MGIS,PRC_GRP_LOAD_FCT_RPT_EARN_PREMIUM_SUMMARY_R_MGIS,fct_rpt_premium_summary_r,n_prior_dueprem_unearned_fin_r,,,Constant / Expression
Standalone Procedure,,PRC_GRP_LOAD_FCT_RPT_EARN_PREMIUM_SUMMARY_R_MGIS,PRC_GRP_LOAD_FCT_RPT_EARN_PREMIUM_SUMMARY_R_MGIS,fct_rpt_premium_summary_r,n_prior_prem_unearned_amt_r,,,Constant / Expression
Standalone Procedure,,PRC_GRP_LOAD_FCT_RPT_EARN_PREMIUM_SUMMARY_R_MGIS,PRC_GRP_LOAD_FCT_RPT_EARN_PREMIUM_SUMMARY_R_MGIS,fct_rpt_premium_summary_r,n_prior_prem_unearned_amt_r_all,,,Constant / Expression
Standalone Procedure,,PRC_GRP_LOAD_FCT_RPT_EARN_PREMIUM_SUMMARY_R_MGIS,PRC_GRP_LOAD_FCT_RPT_EARN_PREMIUM_SUMMARY_R_MGIS,fct_rpt_premium_summary_r,n_quote_sk_r,,,Constant / Expression
Standalone Procedure,,PRC_GRP_LOAD_FCT_RPT_EARN_PREMIUM_SUMMARY_R_MGIS,PRC_GRP_LOAD_FCT_RPT_EARN_PREMIUM_SUMMARY_R_MGIS,fct_rpt_premium_summary_r,n_sec_reins_prem_pct_r,,,Constant / Expression
Standalone Procedure,,PRC_GRP_LOAD_FCT_RPT_EARN_PREMIUM_SUMMARY_R_MGIS,PRC_GRP_LOAD_FCT_RPT_EARN_PREMIUM_SUMMARY_R_MGIS,fct_rpt_premium_summary_r,n_sequence_number_r,FCT_RPT_EARN_PREMIUM_SUMMARY_R,N_SEQUENCE_NUMBER_R,"n_sequence_number_r -> NVL(MAX(N_SEQUENCE_NUMBER_R),0) -> NVL -> MAX"
Standalone Procedure,,PRC_GRP_LOAD_FCT_RPT_EARN_PREMIUM_SUMMARY_R_MGIS,PRC_GRP_LOAD_FCT_RPT_EARN_PREMIUM_SUMMARY_R_MGIS,fct_rpt_premium_summary_r,n_ternary_reins_prem_pct_r,,,Constant / Expression
Standalone Procedure,,PRC_GRP_LOAD_FCT_RPT_EARN_PREMIUM_SUMMARY_R_MGIS,PRC_GRP_LOAD_FCT_RPT_EARN_PREMIUM_SUMMARY_R_MGIS,fct_rpt_premium_summary_r,n_total_reins_prem_pct_r,,,Constant / Expression
Standalone Procedure,,PRC_GRP_LOAD_FCT_RPT_EARN_PREMIUM_SUMMARY_R_MGIS,PRC_GRP_LOAD_FCT_RPT_EARN_PREMIUM_SUMMARY_R_MGIS,fct_rpt_premium_summary_r,n_version_number_r,,,Constant / Expression
Standalone Procedure,,PRC_GRP_LOAD_FCT_RPT_EARN_PREMIUM_SUMMARY_R_MGIS,PRC_GRP_LOAD_FCT_RPT_EARN_PREMIUM_SUMMARY_R_MGIS,fct_rpt_premium_summary_r,n_written_prem_amt_r,,,Constant / Expression
Standalone Procedure,,PRC_GRP_LOAD_FCT_RPT_EARN_PREMIUM_SUMMARY_R_MGIS,PRC_GRP_LOAD_FCT_RPT_EARN_PREMIUM_SUMMARY_R_MGIS,fct_rpt_premium_summary_r,n_written_prem_ceded_amt_r,,,Constant / Expression
Standalone Procedure,,PRC_GRP_LOAD_FCT_RPT_EARN_PREMIUM_SUMMARY_R_MGIS,PRC_GRP_LOAD_FCT_RPT_EARN_PREMIUM_SUMMARY_R_MGIS,fct_rpt_premium_summary_r,n_written_prem_net_amt_r,,,Constant / Expression
Standalone Procedure,,PRC_GRP_LOAD_FCT_RPT_EARN_PREMIUM_SUMMARY_R_MGIS,PRC_GRP_LOAD_FCT_RPT_EARN_PREMIUM_SUMMARY_R_MGIS,fct_rpt_premium_summary_r,t_creation_date_r,,,Constant / Expression
Standalone Procedure,,PRC_GRP_LOAD_FCT_RPT_EARN_PREMIUM_SUMMARY_R_MGIS,PRC_GRP_LOAD_FCT_RPT_EARN_PREMIUM_SUMMARY_R_MGIS,fct_rpt_premium_summary_r,t_event_timestamp_r,,,Constant / Expression
Standalone Procedure,,PRC_GRP_LOAD_FCT_RPT_EARN_PREMIUM_SUMMARY_R_MGIS,PRC_GRP_LOAD_FCT_RPT_EARN_PREMIUM_SUMMARY_R_MGIS,fct_rpt_premium_summary_r,t_last_modified_date_r,,,Constant / Expression
Standalone Procedure,,PRC_GRP_LOAD_FCT_RPT_EARN_PREMIUM_SUMMARY_R_MGIS,PRC_GRP_LOAD_FCT_RPT_EARN_PREMIUM_SUMMARY_R_MGIS,fct_rpt_premium_summary_r,v_change_reason_r,,,Constant / Expression
Standalone Procedure,,PRC_GRP_LOAD_FCT_RPT_EARN_PREMIUM_SUMMARY_R_MGIS,PRC_GRP_LOAD_FCT_RPT_EARN_PREMIUM_SUMMARY_R_MGIS,fct_rpt_premium_summary_r,v_coverage_code_r,,,Constant / Expression
Standalone Procedure,,PRC_GRP_LOAD_FCT_RPT_EARN_PREMIUM_SUMMARY_R_MGIS,PRC_GRP_LOAD_FCT_RPT_EARN_PREMIUM_SUMMARY_R_MGIS,fct_rpt_premium_summary_r,v_created_by_r,,,Constant / Expression
Standalone Procedure,,PRC_GRP_LOAD_FCT_RPT_EARN_PREMIUM_SUMMARY_R_MGIS,PRC_GRP_LOAD_FCT_RPT_EARN_PREMIUM_SUMMARY_R_MGIS,fct_rpt_premium_summary_r,v_customer_bill_group_number_r,,,Constant / Expression
Standalone Procedure,,PRC_GRP_LOAD_FCT_RPT_EARN_PREMIUM_SUMMARY_R_MGIS,PRC_GRP_LOAD_FCT_RPT_EARN_PREMIUM_SUMMARY_R_MGIS,fct_rpt_premium_summary_r,v_customer_number_r,,,Constant / Expression
Standalone Procedure,,PRC_GRP_LOAD_FCT_RPT_EARN_PREMIUM_SUMMARY_R_MGIS,PRC_GRP_LOAD_FCT_RPT_EARN_PREMIUM_SUMMARY_R_MGIS,fct_rpt_premium_summary_r,v_last_modified_by_r,,,Constant / Expression
Standalone Procedure,,PRC_GRP_LOAD_FCT_RPT_EARN_PREMIUM_SUMMARY_R_MGIS,PRC_GRP_LOAD_FCT_RPT_EARN_PREMIUM_SUMMARY_R_MGIS,fct_rpt_premium_summary_r,v_policy_number_r,,,Constant / Expression
Standalone Procedure,,PRC_GRP_LOAD_FCT_RPT_EARN_PREMIUM_SUMMARY_R_MGIS,PRC_GRP_LOAD_FCT_RPT_EARN_PREMIUM_SUMMARY_R_MGIS,fct_rpt_premium_summary_r,v_policy_prefix_r,,,Constant / Expression
Standalone Procedure,,PRC_GRP_LOAD_FCT_RPT_EARN_PREMIUM_SUMMARY_R_MGIS,PRC_GRP_LOAD_FCT_RPT_EARN_PREMIUM_SUMMARY_R_MGIS,fct_rpt_premium_summary_r,v_policy_suffix_r,,,Constant / Expression
Standalone Procedure,,PRC_GRP_LOAD_FCT_RPT_EARN_PREMIUM_SUMMARY_R_MGIS,PRC_GRP_LOAD_FCT_RPT_EARN_PREMIUM_SUMMARY_R_MGIS,fct_rpt_premium_summary_r,v_primary_reinsurer_r,,,Constant / Expression
Standalone Procedure,,PRC_GRP_LOAD_FCT_RPT_EARN_PREMIUM_SUMMARY_R_MGIS,PRC_GRP_LOAD_FCT_RPT_EARN_PREMIUM_SUMMARY_R_MGIS,fct_rpt_premium_summary_r,v_privacy_indicator_r,,,Constant / Expression
Standalone Procedure,,PRC_GRP_LOAD_FCT_RPT_EARN_PREMIUM_SUMMARY_R_MGIS,PRC_GRP_LOAD_FCT_RPT_EARN_PREMIUM_SUMMARY_R_MGIS,fct_rpt_premium_summary_r,v_reinsurance_indicator_r,,,Constant / Expression
Standalone Procedure,,PRC_GRP_LOAD_FCT_RPT_EARN_PREMIUM_SUMMARY_R_MGIS,PRC_GRP_LOAD_FCT_RPT_EARN_PREMIUM_SUMMARY_R_MGIS,fct_rpt_premium_summary_r,v_secondary_reinsurer_r,,,Constant / Expression
Standalone Procedure,,PRC_GRP_LOAD_FCT_RPT_EARN_PREMIUM_SUMMARY_R_MGIS,PRC_GRP_LOAD_FCT_RPT_EARN_PREMIUM_SUMMARY_R_MGIS,fct_rpt_premium_summary_r,v_short_name_r,,,Constant / Expression
Standalone Procedure,,PRC_GRP_LOAD_FCT_RPT_EARN_PREMIUM_SUMMARY_R_MGIS,PRC_GRP_LOAD_FCT_RPT_EARN_PREMIUM_SUMMARY_R_MGIS,fct_rpt_premium_summary_r,v_source_system_name_r,,,Constant / Expression
Standalone Procedure,,PRC_GRP_LOAD_FCT_RPT_EARN_PREMIUM_SUMMARY_R_MGIS,PRC_GRP_LOAD_FCT_RPT_EARN_PREMIUM_SUMMARY_R_MGIS,fct_rpt_premium_summary_r,v_subject_area_type_r,,,Constant / Expression
Standalone Procedure,,PRC_GRP_LOAD_FCT_RPT_EARN_PREMIUM_SUMMARY_R_MGIS,PRC_GRP_LOAD_FCT_RPT_EARN_PREMIUM_SUMMARY_R_MGIS,fct_rpt_premium_summary_r,v_ternary_reinsurer_r,,,Constant / Expression
Standalone Procedure,,PRC_GRP_LOAD_MERGE_UPDATE_FCT_RPT_PREMIUM_SUMMARY_R_GL,PRC_GRP_LOAD_MERGE_UPDATE_FCT_RPT_PREMIUM_SUMMARY_R_GL,FCT_RPT_PREMIUM_SUMMARY_R,N_PRIMARY_REINS_PREM_PCT_R,STG_GRP_REINSURER_PREM_PCT_R,N_PRIMARY_REINS_PREM_PCT_R,Direct
Standalone Procedure,,PRC_GRP_LOAD_MERGE_UPDATE_FCT_RPT_PREMIUM_SUMMARY_R_GL,PRC_GRP_LOAD_MERGE_UPDATE_FCT_RPT_PREMIUM_SUMMARY_R_GL,FCT_RPT_PREMIUM_SUMMARY_R,N_SEC_REINS_PREM_PCT_R,STG_GRP_REINSURER_PREM_PCT_R,N_SEC_REINS_PREM_PCT_R,Direct
Standalone Procedure,,PRC_GRP_LOAD_MERGE_UPDATE_FCT_RPT_PREMIUM_SUMMARY_R_GL,PRC_GRP_LOAD_MERGE_UPDATE_FCT_RPT_PREMIUM_SUMMARY_R_GL,FCT_RPT_PREMIUM_SUMMARY_R,N_TERNARY_REINS_PREM_PCT_R,STG_GRP_REINSURER_PREM_PCT_R,N_TERNARY_REINS_PREM_PCT_R,Direct
Standalone Procedure,,PRC_GRP_LOAD_MERGE_UPDATE_FCT_RPT_PREMIUM_SUMMARY_R_GL,PRC_GRP_LOAD_MERGE_UPDATE_FCT_RPT_PREMIUM_SUMMARY_R_GL,FCT_RPT_PREMIUM_SUMMARY_R,N_TOTAL_REINS_PREM_PCT_R,STG_GRP_REINSURER_PREM_PCT_R,N_TOTAL_REINS_PREM_PCT_R,NVL
Standalone Procedure,,PRC_GRP_LOAD_MERGE_UPDATE_FCT_RPT_PREMIUM_SUMMARY_R_GL,PRC_GRP_LOAD_MERGE_UPDATE_FCT_RPT_PREMIUM_SUMMARY_R_GL,FCT_RPT_PREMIUM_SUMMARY_R,V_PRIMARY_REINSURER_R,STG_GRP_REINSURER_PREM_PCT_R,V_PRIMARY_REINSURER_R,Direct
Standalone Procedure,,PRC_GRP_LOAD_MERGE_UPDATE_FCT_RPT_PREMIUM_SUMMARY_R_GL,PRC_GRP_LOAD_MERGE_UPDATE_FCT_RPT_PREMIUM_SUMMARY_R_GL,FCT_RPT_PREMIUM_SUMMARY_R,V_SECONDARY_REINSURER_R,STG_GRP_REINSURER_PREM_PCT_R,V_SECONDARY_REINSURER_R,Direct
Standalone Procedure,,PRC_GRP_LOAD_MERGE_UPDATE_FCT_RPT_PREMIUM_SUMMARY_R_GL,PRC_GRP_LOAD_MERGE_UPDATE_FCT_RPT_PREMIUM_SUMMARY_R_GL,FCT_RPT_PREMIUM_SUMMARY_R,V_TERNARY_REINSURER_R,STG_GRP_REINSURER_PREM_PCT_R,V_TERNARY_REINSURER_R,Direct
Standalone Procedure,,PRC_GRP_LOAD_MERGE_UPDATE_FCT_RPT_PREMIUM_SUMMARY_R_GL,PRC_GRP_LOAD_MERGE_UPDATE_FCT_RPT_PREMIUM_SUMMARY_R_GL,FCT_RPT_PREMIUM_SUMMARY_R,n_chg_prem_unearned_net_amt_r,FCT_RPT_PREMIUM_SUMMARY_R,n_chg_prem_unearned_amt_r,Direct
Standalone Procedure,,PRC_GRP_LOAD_MERGE_UPDATE_FCT_RPT_PREMIUM_SUMMARY_R_GL,PRC_GRP_LOAD_MERGE_UPDATE_FCT_RPT_PREMIUM_SUMMARY_R_GL,FCT_RPT_PREMIUM_SUMMARY_R,n_earned_prem_net_amt_r,FCT_RPT_PREMIUM_SUMMARY_R,n_earned_prem_amt_r,Direct
Standalone Procedure,,PRC_GRP_LOAD_MERGE_UPDATE_FCT_RPT_PREMIUM_SUMMARY_R_GL,PRC_GRP_LOAD_MERGE_UPDATE_FCT_RPT_PREMIUM_SUMMARY_R_GL,FCT_RPT_PREMIUM_SUMMARY_R,n_earned_prem_net_amt_r,STG_GRP_REINSURER_PREM_PCT_R,N_TOTAL_REINS_PREM_PCT_R,NVL
Standalone Procedure,,PRC_GRP_LOAD_MERGE_UPDATE_FCT_RPT_PREMIUM_SUMMARY_R_GL,PRC_GRP_LOAD_MERGE_UPDATE_FCT_RPT_PREMIUM_SUMMARY_R_GL,FCT_RPT_PREMIUM_SUMMARY_R,n_written_prem_ceded_amt_r,FCT_RPT_PREMIUM_SUMMARY_R,n_written_prem_amt_r,Direct
Standalone Procedure,,PRC_GRP_LOAD_MERGE_UPDATE_FCT_RPT_PREMIUM_SUMMARY_R_GL,PRC_GRP_LOAD_MERGE_UPDATE_FCT_RPT_PREMIUM_SUMMARY_R_GL,FCT_RPT_PREMIUM_SUMMARY_R,n_written_prem_ceded_amt_r,STG_GRP_REINSURER_PREM_PCT_R,N_TOTAL_REINS_PREM_PCT_R,NVL
Standalone Procedure,,PRC_GRP_LOAD_MERGE_UPDATE_FCT_RPT_PREMIUM_SUMMARY_R_GL,PRC_GRP_LOAD_MERGE_UPDATE_FCT_RPT_PREMIUM_SUMMARY_R_GL,FCT_RPT_PREMIUM_SUMMARY_R,n_written_prem_net_amt_r,FCT_RPT_PREMIUM_SUMMARY_R,n_written_prem_amt_r,Direct
Standalone Procedure,,PRC_GRP_LOAD_MERGE_UPDATE_FCT_RPT_PREMIUM_SUMMARY_R_GL,PRC_GRP_LOAD_MERGE_UPDATE_FCT_RPT_PREMIUM_SUMMARY_R_GL,FCT_RPT_PREMIUM_SUMMARY_R,n_written_prem_net_amt_r,STG_GRP_REINSURER_PREM_PCT_R,N_TOTAL_REINS_PREM_PCT_R,NVL
Standalone Procedure,,PRC_GRP_LOAD_MERGE_UPDATE_FCT_RPT_PREMIUM_SUMMARY_R_NON_GL,PRC_GRP_LOAD_MERGE_UPDATE_FCT_RPT_PREMIUM_SUMMARY_R_NON_GL,FCT_RPT_PREMIUM_SUMMARY_R,N_PRIMARY_REINS_PREM_PCT_R,STG_GRP_REINSURER_PREM_PCT_R,N_PRIMARY_REINS_PREM_PCT_R,Direct
Standalone Procedure,,PRC_GRP_LOAD_MERGE_UPDATE_FCT_RPT_PREMIUM_SUMMARY_R_NON_GL,PRC_GRP_LOAD_MERGE_UPDATE_FCT_RPT_PREMIUM_SUMMARY_R_NON_GL,FCT_RPT_PREMIUM_SUMMARY_R,N_SEC_REINS_PREM_PCT_R,STG_GRP_REINSURER_PREM_PCT_R,N_SEC_REINS_PREM_PCT_R,Direct
Standalone Procedure,,PRC_GRP_LOAD_MERGE_UPDATE_FCT_RPT_PREMIUM_SUMMARY_R_NON_GL,PRC_GRP_LOAD_MERGE_UPDATE_FCT_RPT_PREMIUM_SUMMARY_R_NON_GL,FCT_RPT_PREMIUM_SUMMARY_R,N_TERNARY_REINS_PREM_PCT_R,STG_GRP_REINSURER_PREM_PCT_R,N_TERNARY_REINS_PREM_PCT_R,Direct
Standalone Procedure,,PRC_GRP_LOAD_MERGE_UPDATE_FCT_RPT_PREMIUM_SUMMARY_R_NON_GL,PRC_GRP_LOAD_MERGE_UPDATE_FCT_RPT_PREMIUM_SUMMARY_R_NON_GL,FCT_RPT_PREMIUM_SUMMARY_R,N_TOTAL_REINS_PREM_PCT_R,STG_GRP_REINSURER_PREM_PCT_R,N_TOTAL_REINS_PREM_PCT_R,NVL
Standalone Procedure,,PRC_GRP_LOAD_MERGE_UPDATE_FCT_RPT_PREMIUM_SUMMARY_R_NON_GL,PRC_GRP_LOAD_MERGE_UPDATE_FCT_RPT_PREMIUM_SUMMARY_R_NON_GL,FCT_RPT_PREMIUM_SUMMARY_R,V_PRIMARY_REINSURER_R,STG_GRP_REINSURER_PREM_PCT_R,V_PRIMARY_REINSURER_R,Direct
Standalone Procedure,,PRC_GRP_LOAD_MERGE_UPDATE_FCT_RPT_PREMIUM_SUMMARY_R_NON_GL,PRC_GRP_LOAD_MERGE_UPDATE_FCT_RPT_PREMIUM_SUMMARY_R_NON_GL,FCT_RPT_PREMIUM_SUMMARY_R,V_SECONDARY_REINSURER_R,STG_GRP_REINSURER_PREM_PCT_R,V_SECONDARY_REINSURER_R,Direct
Standalone Procedure,,PRC_GRP_LOAD_MERGE_UPDATE_FCT_RPT_PREMIUM_SUMMARY_R_NON_GL,PRC_GRP_LOAD_MERGE_UPDATE_FCT_RPT_PREMIUM_SUMMARY_R_NON_GL,FCT_RPT_PREMIUM_SUMMARY_R,V_TERNARY_REINSURER_R,STG_GRP_REINSURER_PREM_PCT_R,V_TERNARY_REINSURER_R,Direct
Standalone Procedure,,PRC_GRP_LOAD_MERGE_UPDATE_FCT_RPT_PREMIUM_SUMMARY_R_NON_GL,PRC_GRP_LOAD_MERGE_UPDATE_FCT_RPT_PREMIUM_SUMMARY_R_NON_GL,FCT_RPT_PREMIUM_SUMMARY_R,n_chg_prem_unearned_net_amt_r,FCT_RPT_PREMIUM_SUMMARY_R,n_chg_prem_unearned_amt_r,Direct
Standalone Procedure,,PRC_GRP_LOAD_MERGE_UPDATE_FCT_RPT_PREMIUM_SUMMARY_R_NON_GL,PRC_GRP_LOAD_MERGE_UPDATE_FCT_RPT_PREMIUM_SUMMARY_R_NON_GL,FCT_RPT_PREMIUM_SUMMARY_R,n_earned_prem_net_amt_r,FCT_RPT_PREMIUM_SUMMARY_R,n_earned_prem_amt_r,Direct
Standalone Procedure,,PRC_GRP_LOAD_MERGE_UPDATE_FCT_RPT_PREMIUM_SUMMARY_R_NON_GL,PRC_GRP_LOAD_MERGE_UPDATE_FCT_RPT_PREMIUM_SUMMARY_R_NON_GL,FCT_RPT_PREMIUM_SUMMARY_R,n_earned_prem_net_amt_r,STG_GRP_REINSURER_PREM_PCT_R,N_TOTAL_REINS_PREM_PCT_R,NVL
Standalone Procedure,,PRC_GRP_LOAD_MERGE_UPDATE_FCT_RPT_PREMIUM_SUMMARY_R_NON_GL,PRC_GRP_LOAD_MERGE_UPDATE_FCT_RPT_PREMIUM_SUMMARY_R_NON_GL,FCT_RPT_PREMIUM_SUMMARY_R,n_written_prem_ceded_amt_r,FCT_RPT_PREMIUM_SUMMARY_R,n_written_prem_amt_r,Direct
Standalone Procedure,,PRC_GRP_LOAD_MERGE_UPDATE_FCT_RPT_PREMIUM_SUMMARY_R_NON_GL,PRC_GRP_LOAD_MERGE_UPDATE_FCT_RPT_PREMIUM_SUMMARY_R_NON_GL,FCT_RPT_PREMIUM_SUMMARY_R,n_written_prem_ceded_amt_r,STG_GRP_REINSURER_PREM_PCT_R,N_TOTAL_REINS_PREM_PCT_R,NVL
Standalone Procedure,,PRC_GRP_LOAD_MERGE_UPDATE_FCT_RPT_PREMIUM_SUMMARY_R_NON_GL,PRC_GRP_LOAD_MERGE_UPDATE_FCT_RPT_PREMIUM_SUMMARY_R_NON_GL,FCT_RPT_PREMIUM_SUMMARY_R,n_written_prem_net_amt_r,FCT_RPT_PREMIUM_SUMMARY_R,n_written_prem_amt_r,Direct
Standalone Procedure,,PRC_GRP_LOAD_MERGE_UPDATE_FCT_RPT_PREMIUM_SUMMARY_R_NON_GL,PRC_GRP_LOAD_MERGE_UPDATE_FCT_RPT_PREMIUM_SUMMARY_R_NON_GL,FCT_RPT_PREMIUM_SUMMARY_R,n_written_prem_net_amt_r,STG_GRP_REINSURER_PREM_PCT_R,N_TOTAL_REINS_PREM_PCT_R,NVL
Standalone Procedure,,PRC_GRP_LOAD_TOTAL_EARN_PREM,PRC_GRP_LOAD_TOTAL_EARN_PREM,fct_rpt_earn_due_prem_temp2,cycle_date,dual,cycle_date,cycle_date
Standalone Procedure,,PRC_GRP_LOAD_TOTAL_EARN_PREM,PRC_GRP_LOAD_TOTAL_EARN_PREM,fct_rpt_earn_due_prem_temp2,duedate,dual,premiumdue,v_due_date
Standalone Procedure,,PRC_GRP_LOAD_TOTAL_EARN_PREM,PRC_GRP_LOAD_TOTAL_EARN_PREM,fct_rpt_earn_due_prem_temp2,duedate,dual,v_due_date,v_due_date
Standalone Procedure,,PRC_GRP_LOAD_TOTAL_EARN_PREM,PRC_GRP_LOAD_TOTAL_EARN_PREM,fct_rpt_earn_due_prem_temp2,lastpaiddue,dual,monthspaid,"add_months(i.premiumdue, i.monthspaid * - 1) -> add_months"
Standalone Procedure,,PRC_GRP_LOAD_TOTAL_EARN_PREM,PRC_GRP_LOAD_TOTAL_EARN_PREM,fct_rpt_earn_due_prem_temp2,lastpaiddue,dual,premiumdue,"add_months(i.premiumdue, i.monthspaid * - 1) -> add_months"
Standalone Procedure,,PRC_GRP_LOAD_TOTAL_EARN_PREM,PRC_GRP_LOAD_TOTAL_EARN_PREM,fct_rpt_earn_due_prem_temp2,monthspaid,dual,monthspaid,monthspaid
Standalone Procedure,,PRC_GRP_LOAD_TOTAL_EARN_PREM,PRC_GRP_LOAD_TOTAL_EARN_PREM,fct_rpt_earn_due_prem_temp2,n_customer_billgroup_id_r,dual,n_customer_billgroup_id_r,n_customer_billgroup_id_r
Standalone Procedure,,PRC_GRP_LOAD_TOTAL_EARN_PREM,PRC_GRP_LOAD_TOTAL_EARN_PREM,fct_rpt_earn_due_prem_temp2,n_policy_billgroup_id_r,dual,n_policy_billgroup_id_r,n_policy_billgroup_id_r
Standalone Procedure,,PRC_GRP_LOAD_TOTAL_EARN_PREM,PRC_GRP_LOAD_TOTAL_EARN_PREM,fct_rpt_earn_due_prem_temp2,n_policy_sk_r,dual,n_policy_sk_r,n_policy_sk_r
Standalone Procedure,,PRC_GRP_LOAD_TOTAL_EARN_PREM,PRC_GRP_LOAD_TOTAL_EARN_PREM,fct_rpt_earn_due_prem_temp2,v_source_system_name_r,dual,v_source_system_name_r,v_source_system_name_r
Standalone Procedure,,PRC_GRP_LOAD_TOTAL_EARN_PREM,PRC_GRP_LOAD_TOTAL_EARN_PREM,fct_rpt_earn_due_prem_temp2,v_tpa_indicator_r,dual,v_tpa_indicator_r,v_tpa_indicator_r
