ROOT_JOB,RPT_TABLE,DEPENDENT_JOB,DEPTH,JOB_CATEGORY,DIRECTION,UPSTREAM_JOBS,DOWNSTREAM_JOBS,Avg_runtime_Duration (Sec),CMD,SHELL_SCRIPT,PARENT_CALLER,LINEAGE_SOURCE,SQL_OBJECT_TYPE,SQL_OBJECT_SCHEMA,PACKAGE_NAME,PROC_NAME,FULL_OBJECT,PATTERN_TYPE,SHELL_TABLE_REFS,IN_TYPE_PARAM,SRC_TABLE,TGT_TABLE,SOURCE_COL,TARGET_COL,TIDAL_PARAMS,IS_PARAMETERIZED,LINEAGE_STATUS,NOTES
EDP_GRP_EDW_LOAD_RPT_CLAIMANT_DTL_R-23,RPT_CLAIMANT_DTL_R,Grp_SSL_Populate_T_RPT_SCH_Rpt_Claims,1,OTHER,FORWARD,EDP_GRP_EDW_LOAD_RPT_CLAIMANT_DTL_R-23,,1,/home/jobs/group/EDW/edw_grp_load_t_rpt_sch_services.sh,edw_grp_load_t_rpt_sch_services.sh,edw_grp_load_t_rpt_sch_services.sh,FORWARD_BFS,INSERT_SELECT,,,T_RPT_SCH,T_RPT_SCH,STATIC_SQL,,,,,,,PACS RPT_CLAIMS,False,SQL_OBJECT_IDENTIFIED,Downstream consumer of EDP_GRP_EDW_LOAD_RPT_CLAIMANT_DTL_R-23 — 1 hop(s) away (forward BFS)
EDP_GRP_EDW_LOAD_RPT_CLAIMANT_DTL_R-23,RPT_CLAIMANT_DTL_R,EDP_EDW_GATHER_TBL_IDX_STATS - WP_ASSOCIATED_CLAIMS_MV,2,OTHER,FORWARD,EDP_EDW_MV_REFRESH_PORTAL_WP_ASSOCIATED_CLAIMS_MV,,1.05,/home/jobs/group/EDW/edw_grp_gather_tbl_idx_stats.sh,edw_grp_gather_tbl_idx_stats.sh,edw_grp_gather_tbl_idx_stats.sh,FORWARD_BFS,PROCEDURE,ATOMIC,,PRC_GRP_GATHER_TABLE_IDX_STATS,PRC_GRP_GATHER_TABLE_IDX_STATS,DIRECT_PROC_CALL,,,,,,,WP_ASSOCIATED_CLAIMS_MV 8,False,SQL_OBJECT_IDENTIFIED,Downstream consumer of EDP_GRP_EDW_LOAD_RPT_CLAIMANT_DTL_R-23 — 2 hop(s) away (forward BFS)
EDP_GRP_EDW_LOAD_RPT_CLAIMANT_DTL_R-23,RPT_CLAIMANT_DTL_R,EDP_EDW_GATHER_TBL_IDX_STATS - WP_BENEFIT_PAYMENT_HIST_MV,2,OTHER,FORWARD,EDP_EDW_MV_REFRESH_WP_BENEFIT_PAYMENT_HIST_MV,EDP_GRP_EDW_MV_REFRESH_RPT_ASO_CLAIMS_OAC_MV-6,1,/home/jobs/group/EDW/edw_grp_gather_tbl_idx_stats.sh,edw_grp_gather_tbl_idx_stats.sh,edw_grp_gather_tbl_idx_stats.sh,FORWARD_BFS,PROCEDURE,ATOMIC,,PRC_GRP_GATHER_TABLE_IDX_STATS,PRC_GRP_GATHER_TABLE_IDX_STATS,DIRECT_PROC_CALL,,,,,,,WP_BENEFIT_PAYMENT_HIST_MV 8,False,SQL_OBJECT_IDENTIFIED,Downstream consumer of EDP_GRP_EDW_LOAD_RPT_CLAIMANT_DTL_R-23 — 2 hop(s) away (forward BFS)
EDP_GRP_EDW_LOAD_RPT_CLAIMANT_DTL_R-23,RPT_CLAIMANT_DTL_R,EDP_EDW_GATHER_TBL_IDX_STATS - WP_CLAIM_SUMMARY_DETAIL_MV,2,OTHER,FORWARD,EDP_EDW_MV_REFRESH_WP_CLAIM_SUMMARY_DETAIL_MV,EDP_GRP_EDW_MV_REFRESH_RPT_ASO_CLAIMS_OAC_MV-6,1,/home/jobs/group/EDW/edw_grp_gather_tbl_idx_stats.sh,edw_grp_gather_tbl_idx_stats.sh,edw_grp_gather_tbl_idx_stats.sh,FORWARD_BFS,PROCEDURE,ATOMIC,,PRC_GRP_GATHER_TABLE_IDX_STATS,PRC_GRP_GATHER_TABLE_IDX_STATS,DIRECT_PROC_CALL,,,,,,,WP_CLAIM_SUMMARY_DETAIL_MV 8,False,SQL_OBJECT_IDENTIFIED,Downstream consumer of EDP_GRP_EDW_LOAD_RPT_CLAIMANT_DTL_R-23 — 2 hop(s) away (forward BFS)
EDP_GRP_EDW_LOAD_RPT_CLAIM_DTL_R_UPD_IND_COLS,RPT_CLAIM_DTL_R,EDP_EDW_GATHER_TBL_IDX_STATS - WP_CLAIM_SUMMARY_DETAIL_MV,2,OTHER,FORWARD,EDP_EDW_MV_REFRESH_WP_CLAIM_SUMMARY_DETAIL_MV,EDP_GRP_EDW_MV_REFRESH_RPT_ASO_CLAIMS_OAC_MV-6,1,/home/jobs/group/EDW/edw_grp_gather_tbl_idx_stats.sh,edw_grp_gather_tbl_idx_stats.sh,edw_grp_gather_tbl_idx_stats.sh,FORWARD_BFS,PROCEDURE,ATOMIC,,PRC_GRP_GATHER_TABLE_IDX_STATS,PRC_GRP_GATHER_TABLE_IDX_STATS,DIRECT_PROC_CALL,,,,,,,WP_CLAIM_SUMMARY_DETAIL_MV 8,False,SQL_OBJECT_IDENTIFIED,Downstream consumer of EDP_GRP_EDW_LOAD_RPT_CLAIM_DTL_R_UPD_IND_COLS — 2 hop(s) away (forward BFS)
EDP_GRP_EDW_LOAD_RPT_CLAIM_DTL_R_UPD_IND_COLS,RPT_CLAIM_DTL_R,EDP_EDW_GRP_VUE_LOAD_FCT_BILLING_POLICY_PREMIUM_R,4,FCT,BACKWARD,,EDP_EDW_GRP_DAILY_LOAD_FCT_BILLING_POLICY_PREMIUM_R_MGIS | EDP_EDW_GRP_LOAD_FCT_BILLING_POLICY_PREMIUM_R_TABLE,193.8709677,/home/jobs/group/EDW/edp_grp_plsql_difw_job_srcsys.sh,edp_grp_plsql_difw_job_srcsys.sh,edp_grp_plsql_difw_job_srcsys.sh,DIFW_QUERY,PACKAGE,ATOMIC,PKG_GRP_LOAD_DIFW,main,PKG_GRP_LOAD_DIFW.main,EXECUTE_IMMEDIATE_DYNAMIC,,,,,,,PKG_GRP_LOAD_DIFW GRP_LOAD_FCT_BILLING_POLICY_PREMIUM_R VUE FCT_SINGLE_SRC,True,DIFW_MISSING_LINEAGE,DIFW job but no SRC/TGT extracted from query | DIFW infra procs: GET_MULTISRCSYS_INSERT → PRC_RECON → GET_MULTISRCSYS_MERGE → TBL_REC_COUNT_JOBWISE → GET_SINGLESRCSYS_MERGE1 → GET_DELETE_LOAD
EDP_GRP_EDW_LOAD_RPT_CLAIM_NOTE_R-18,RPT_CLAIM_NOTE_R,Grp_SSL_Populate_T_RPT_SCH_Rpt_Claims,1,OTHER,FORWARD,EDP_GRP_EDW_LOAD_RPT_CLAIM_DTL_R-19 | EDP_GRP_EDW_LOAD_RPT_CLAIM_NOTE_R-18 | EDP_GRP_EDW_LOAD_RPT_CLAIM_SUM_R-22 | EDP_GRP_EDW_LOAD_RPT_FCT_RPT_CLAIM_SUMMARY_R-24 | EDP_GRP_EDW_LOAD_RPT_FCT_RPT_CLAIM_SUMMARY_R_HIST-28,,1,/home/jobs/group/EDW/edw_grp_load_t_rpt_sch_services.sh,edw_grp_load_t_rpt_sch_services.sh,edw_grp_load_t_rpt_sch_services.sh,FORWARD_BFS,INSERT_SELECT,,,T_RPT_SCH,T_RPT_SCH,STATIC_SQL,,,,,,,PACS RPT_CLAIMS,False,SQL_OBJECT_IDENTIFIED,Downstream consumer of EDP_GRP_EDW_LOAD_RPT_CLAIM_NOTE_R-18 — 1 hop(s) away (forward BFS)
EDP_GRP_EDW_LOAD_RPT_CLAIM_NOTE_R-18,RPT_CLAIM_NOTE_R,EDP_EDW_GATHER_TBL_IDX_STATS - WP_ASSOCIATED_CLAIMS_MV,3,OTHER,FORWARD,EDP_EDW_MV_REFRESH_PORTAL_WP_ASSOCIATED_CLAIMS_MV,,1.05,/home/jobs/group/EDW/edw_grp_gather_tbl_idx_stats.sh,edw_grp_gather_tbl_idx_stats.sh,edw_grp_gather_tbl_idx_stats.sh,FORWARD_BFS,PROCEDURE,ATOMIC,,PRC_GRP_GATHER_TABLE_IDX_STATS,PRC_GRP_GATHER_TABLE_IDX_STATS,DIRECT_PROC_CALL,,,,,,,WP_ASSOCIATED_CLAIMS_MV 8,False,SQL_OBJECT_IDENTIFIED,Downstream consumer of EDP_GRP_EDW_LOAD_RPT_CLAIM_NOTE_R-18 — 3 hop(s) away (forward BFS)
EDP_GRP_EDW_LOAD_RPT_CLAIM_NOTE_R-18,RPT_CLAIM_NOTE_R,EDP_EDW_GATHER_TBL_IDX_STATS - WP_BENEFIT_PAYMENT_HIST_MV,3,OTHER,FORWARD,EDP_EDW_MV_REFRESH_WP_BENEFIT_PAYMENT_HIST_MV,EDP_GRP_EDW_MV_REFRESH_RPT_ASO_CLAIMS_OAC_MV-6,1,/home/jobs/group/EDW/edw_grp_gather_tbl_idx_stats.sh,edw_grp_gather_tbl_idx_stats.sh,edw_grp_gather_tbl_idx_stats.sh,FORWARD_BFS,PROCEDURE,ATOMIC,,PRC_GRP_GATHER_TABLE_IDX_STATS,PRC_GRP_GATHER_TABLE_IDX_STATS,DIRECT_PROC_CALL,,,,,,,WP_BENEFIT_PAYMENT_HIST_MV 8,False,SQL_OBJECT_IDENTIFIED,Downstream consumer of EDP_GRP_EDW_LOAD_RPT_CLAIM_NOTE_R-18 — 3 hop(s) away (forward BFS)
EDP_GRP_EDW_LOAD_RPT_CLAIM_NOTE_R-18,RPT_CLAIM_NOTE_R,EDP_EDW_GATHER_TBL_IDX_STATS - WP_CLAIM_SUMMARY_DETAIL_MV,3,OTHER,FORWARD,EDP_EDW_MV_REFRESH_WP_CLAIM_SUMMARY_DETAIL_MV,EDP_GRP_EDW_MV_REFRESH_RPT_ASO_CLAIMS_OAC_MV-6,1,/home/jobs/group/EDW/edw_grp_gather_tbl_idx_stats.sh,edw_grp_gather_tbl_idx_stats.sh,edw_grp_gather_tbl_idx_stats.sh,FORWARD_BFS,PROCEDURE,ATOMIC,,PRC_GRP_GATHER_TABLE_IDX_STATS,PRC_GRP_GATHER_TABLE_IDX_STATS,DIRECT_PROC_CALL,,,,,,,WP_CLAIM_SUMMARY_DETAIL_MV 8,False,SQL_OBJECT_IDENTIFIED,Downstream consumer of EDP_GRP_EDW_LOAD_RPT_CLAIM_NOTE_R-18 — 3 hop(s) away (forward BFS)
EDP_GRP_EDW_LOAD_RPT_CLAIM_PAYMENT_DTL_R-21,RPT_CLAIM_PAYMENT_DTL_R,Grp_SSL_Populate_T_RPT_SCH_Rpt_Claims,1,OTHER,FORWARD,EDP_GRP_EDW_LOAD_RPT_CLAIM_PAYMENT_DTL_R-21 | EDP_GRP_EDW_LOAD_RPT_CLAIM_SUM_R-22 | EDP_GRP_EDW_LOAD_RPT_FCT_RPT_CLAIM_SUMMARY_R-24 | EDP_GRP_EDW_LOAD_RPT_FCT_RPT_CLAIM_SUMMARY_R_HIST-28,,1,/home/jobs/group/EDW/edw_grp_load_t_rpt_sch_services.sh,edw_grp_load_t_rpt_sch_services.sh,edw_grp_load_t_rpt_sch_services.sh,FORWARD_BFS,INSERT_SELECT,,,T_RPT_SCH,T_RPT_SCH,STATIC_SQL,,,,,,,PACS RPT_CLAIMS,False,SQL_OBJECT_IDENTIFIED,Downstream consumer of EDP_GRP_EDW_LOAD_RPT_CLAIM_PAYMENT_DTL_R-21 — 1 hop(s) away (forward BFS)
EDP_GRP_EDW_LOAD_RPT_CLAIM_PAYMENT_DTL_R-21,RPT_CLAIM_PAYMENT_DTL_R,EDP_EDW_GATHER_TBL_IDX_STATS - WP_BENEFIT_PAYMENT_HIST_MV,2,OTHER,FORWARD,EDP_EDW_MV_REFRESH_WP_BENEFIT_PAYMENT_HIST_MV,EDP_GRP_EDW_MV_REFRESH_RPT_ASO_CLAIMS_OAC_MV-6,1,/home/jobs/group/EDW/edw_grp_gather_tbl_idx_stats.sh,edw_grp_gather_tbl_idx_stats.sh,edw_grp_gather_tbl_idx_stats.sh,FORWARD_BFS,PROCEDURE,ATOMIC,,PRC_GRP_GATHER_TABLE_IDX_STATS,PRC_GRP_GATHER_TABLE_IDX_STATS,DIRECT_PROC_CALL,,,,,,,WP_BENEFIT_PAYMENT_HIST_MV 8,False,SQL_OBJECT_IDENTIFIED,Downstream consumer of EDP_GRP_EDW_LOAD_RPT_CLAIM_PAYMENT_DTL_R-21 — 2 hop(s) away (forward BFS)
EDP_GRP_EDW_LOAD_RPT_CLAIM_PAYMENT_DTL_R-21,RPT_CLAIM_PAYMENT_DTL_R,EDP_EDW_GRP_VUE_LOAD_FCT_BILLING_POLICY_PREMIUM_R,2,FCT,BACKWARD,,,193.8709677,/home/jobs/group/EDW/edp_grp_plsql_difw_job_srcsys.sh,edp_grp_plsql_difw_job_srcsys.sh,edp_grp_plsql_difw_job_srcsys.sh,DIFW_QUERY,PACKAGE,ATOMIC,PKG_GRP_LOAD_DIFW,main,PKG_GRP_LOAD_DIFW.main,EXECUTE_IMMEDIATE_DYNAMIC,,,,,,,PKG_GRP_LOAD_DIFW GRP_LOAD_FCT_BILLING_POLICY_PREMIUM_R VUE FCT_SINGLE_SRC,True,DIFW_MISSING_LINEAGE,DIFW job but no SRC/TGT extracted from query | DIFW infra procs: GET_MULTISRCSYS_INSERT → PRC_RECON → GET_MULTISRCSYS_MERGE → TBL_REC_COUNT_JOBWISE → GET_SINGLESRCSYS_MERGE1 → GET_DELETE_LOAD
EDP_GRP_EDW_LOAD_RPT_CLAIM_PAYMENT_DTL_R-21,RPT_CLAIM_PAYMENT_DTL_R,EDP_EDW_GATHER_TBL_IDX_STATS - WP_ASSOCIATED_CLAIMS_MV,3,OTHER,FORWARD,EDP_EDW_MV_REFRESH_PORTAL_WP_ASSOCIATED_CLAIMS_MV,,1.05,/home/jobs/group/EDW/edw_grp_gather_tbl_idx_stats.sh,edw_grp_gather_tbl_idx_stats.sh,edw_grp_gather_tbl_idx_stats.sh,FORWARD_BFS,PROCEDURE,ATOMIC,,PRC_GRP_GATHER_TABLE_IDX_STATS,PRC_GRP_GATHER_TABLE_IDX_STATS,DIRECT_PROC_CALL,,,,,,,WP_ASSOCIATED_CLAIMS_MV 8,False,SQL_OBJECT_IDENTIFIED,Downstream consumer of EDP_GRP_EDW_LOAD_RPT_CLAIM_PAYMENT_DTL_R-21 — 3 hop(s) away (forward BFS)
EDP_GRP_EDW_LOAD_RPT_CLAIM_PAYMENT_DTL_R-21,RPT_CLAIM_PAYMENT_DTL_R,EDP_EDW_GATHER_TBL_IDX_STATS - WP_CLAIM_SUMMARY_DETAIL_MV,3,OTHER,FORWARD,EDP_EDW_MV_REFRESH_WP_CLAIM_SUMMARY_DETAIL_MV,EDP_GRP_EDW_MV_REFRESH_RPT_ASO_CLAIMS_OAC_MV-6,1,/home/jobs/group/EDW/edw_grp_gather_tbl_idx_stats.sh,edw_grp_gather_tbl_idx_stats.sh,edw_grp_gather_tbl_idx_stats.sh,FORWARD_BFS,PROCEDURE,ATOMIC,,PRC_GRP_GATHER_TABLE_IDX_STATS,PRC_GRP_GATHER_TABLE_IDX_STATS,DIRECT_PROC_CALL,,,,,,,WP_CLAIM_SUMMARY_DETAIL_MV 8,False,SQL_OBJECT_IDENTIFIED,Downstream consumer of EDP_GRP_EDW_LOAD_RPT_CLAIM_PAYMENT_DTL_R-21 — 3 hop(s) away (forward BFS)
EDP_GRP_EDW_LOAD_RPT_CLAIM_PAYMENT_R-20,RPT_CLAIM_PAYMENT_R,Grp_SSL_Populate_T_RPT_SCH_Rpt_Claims,1,OTHER,FORWARD,EDP_GRP_EDW_LOAD_RPT_CLAIM_PAYMENT_R-20 | EDP_GRP_EDW_LOAD_RPT_CLAIM_SUM_R-22 | EDP_GRP_EDW_LOAD_RPT_FCT_RPT_CLAIM_SUMMARY_R-24 | EDP_GRP_EDW_LOAD_RPT_FCT_RPT_CLAIM_SUMMARY_R_HIST-28,,1,/home/jobs/group/EDW/edw_grp_load_t_rpt_sch_services.sh,edw_grp_load_t_rpt_sch_services.sh,edw_grp_load_t_rpt_sch_services.sh,FORWARD_BFS,INSERT_SELECT,,,T_RPT_SCH,T_RPT_SCH,STATIC_SQL,,,,,,,PACS RPT_CLAIMS,False,SQL_OBJECT_IDENTIFIED,Downstream consumer of EDP_GRP_EDW_LOAD_RPT_CLAIM_PAYMENT_R-20 — 1 hop(s) away (forward BFS)
EDP_GRP_EDW_LOAD_RPT_CLAIM_PAYMENT_R-20,RPT_CLAIM_PAYMENT_R,EDP_EDW_GATHER_TBL_IDX_STATS - WP_BENEFIT_PAYMENT_HIST_MV,2,OTHER,FORWARD,EDP_EDW_MV_REFRESH_WP_BENEFIT_PAYMENT_HIST_MV,EDP_GRP_EDW_MV_REFRESH_RPT_ASO_CLAIMS_OAC_MV-6,1,/home/jobs/group/EDW/edw_grp_gather_tbl_idx_stats.sh,edw_grp_gather_tbl_idx_stats.sh,edw_grp_gather_tbl_idx_stats.sh,FORWARD_BFS,PROCEDURE,ATOMIC,,PRC_GRP_GATHER_TABLE_IDX_STATS,PRC_GRP_GATHER_TABLE_IDX_STATS,DIRECT_PROC_CALL,,,,,,,WP_BENEFIT_PAYMENT_HIST_MV 8,False,SQL_OBJECT_IDENTIFIED,Downstream consumer of EDP_GRP_EDW_LOAD_RPT_CLAIM_PAYMENT_R-20 — 2 hop(s) away (forward BFS)
EDP_GRP_EDW_LOAD_RPT_CLAIM_PAYMENT_R-20,RPT_CLAIM_PAYMENT_R,EDP_EDW_GATHER_TBL_IDX_STATS - WP_ASSOCIATED_CLAIMS_MV,5,OTHER,FORWARD,EDP_EDW_MV_REFRESH_PORTAL_WP_ASSOCIATED_CLAIMS_MV,,1.05,/home/jobs/group/EDW/edw_grp_gather_tbl_idx_stats.sh,edw_grp_gather_tbl_idx_stats.sh,edw_grp_gather_tbl_idx_stats.sh,FORWARD_BFS,PROCEDURE,ATOMIC,,PRC_GRP_GATHER_TABLE_IDX_STATS,PRC_GRP_GATHER_TABLE_IDX_STATS,DIRECT_PROC_CALL,,,,,,,WP_ASSOCIATED_CLAIMS_MV 8,False,SQL_OBJECT_IDENTIFIED,Downstream consumer of EDP_GRP_EDW_LOAD_RPT_CLAIM_PAYMENT_R-20 — 5 hop(s) away (forward BFS)
EDP_GRP_EDW_LOAD_RPT_CLAIM_PAYMENT_R-20,RPT_CLAIM_PAYMENT_R,EDP_EDW_GATHER_TBL_IDX_STATS - WP_CLAIM_SUMMARY_DETAIL_MV,5,OTHER,FORWARD,EDP_EDW_MV_REFRESH_WP_CLAIM_SUMMARY_DETAIL_MV,EDP_GRP_EDW_MV_REFRESH_RPT_ASO_CLAIMS_OAC_MV-6,1,/home/jobs/group/EDW/edw_grp_gather_tbl_idx_stats.sh,edw_grp_gather_tbl_idx_stats.sh,edw_grp_gather_tbl_idx_stats.sh,FORWARD_BFS,PROCEDURE,ATOMIC,,PRC_GRP_GATHER_TABLE_IDX_STATS,PRC_GRP_GATHER_TABLE_IDX_STATS,DIRECT_PROC_CALL,,,,,,,WP_CLAIM_SUMMARY_DETAIL_MV 8,False,SQL_OBJECT_IDENTIFIED,Downstream consumer of EDP_GRP_EDW_LOAD_RPT_CLAIM_PAYMENT_R-20 — 5 hop(s) away (forward BFS)
EDP_GRP_EDW_LOAD_RPT_CLAIM_SUM_R_UPD_COLS,RPT_CLAIM_SUM_R,EDP_EDW_GATHER_TBL_IDX_STATS - WP_CLAIM_SUMMARY_DETAIL_MV,2,OTHER,FORWARD,EDP_EDW_MV_REFRESH_WP_CLAIM_SUMMARY_DETAIL_MV,EDP_GRP_EDW_MV_REFRESH_RPT_ASO_CLAIMS_OAC_MV-6,1,/home/jobs/group/EDW/edw_grp_gather_tbl_idx_stats.sh,edw_grp_gather_tbl_idx_stats.sh,edw_grp_gather_tbl_idx_stats.sh,FORWARD_BFS,PROCEDURE,ATOMIC,,PRC_GRP_GATHER_TABLE_IDX_STATS,PRC_GRP_GATHER_TABLE_IDX_STATS,DIRECT_PROC_CALL,,,,,,,WP_CLAIM_SUMMARY_DETAIL_MV 8,False,SQL_OBJECT_IDENTIFIED,Downstream consumer of EDP_GRP_EDW_LOAD_RPT_CLAIM_SUM_R_UPD_COLS — 2 hop(s) away (forward BFS)
EDP_GRP_EDW_LOAD_RPT_CLAIM_SUM_R_UPD_COLS,RPT_CLAIM_SUM_R,EDP_EDW_GRP_VUE_LOAD_FCT_BILLING_POLICY_PREMIUM_R,3,FCT,BACKWARD,,EDP_EDW_GRP_DAILY_LOAD_FCT_BILLING_POLICY_PREMIUM_R_MGIS | EDP_EDW_GRP_LOAD_FCT_BILLING_POLICY_PREMIUM_R_TABLE,193.8709677,/home/jobs/group/EDW/edp_grp_plsql_difw_job_srcsys.sh,edp_grp_plsql_difw_job_srcsys.sh,edp_grp_plsql_difw_job_srcsys.sh,DIFW_QUERY,PACKAGE,ATOMIC,PKG_GRP_LOAD_DIFW,main,PKG_GRP_LOAD_DIFW.main,EXECUTE_IMMEDIATE_DYNAMIC,,,,,,,PKG_GRP_LOAD_DIFW GRP_LOAD_FCT_BILLING_POLICY_PREMIUM_R VUE FCT_SINGLE_SRC,True,DIFW_MISSING_LINEAGE,DIFW job but no SRC/TGT extracted from query | DIFW infra procs: GET_MULTISRCSYS_INSERT → PRC_RECON → GET_MULTISRCSYS_MERGE → TBL_REC_COUNT_JOBWISE → GET_SINGLESRCSYS_MERGE1 → GET_DELETE_LOAD
EDP_GRP_EDW_LOAD_RPT_CLIENT_DTL_R-17,RPT_CLIENT_DTL_R,Grp_SSL_Populate_T_RPT_SCH_Rpt_Claims,1,OTHER,FORWARD,EDP_GRP_EDW_LOAD_RPT_CLIENT_DTL_R-17 | EDP_GRP_EDW_LOAD_RPT_FCT_RPT_CLAIM_SUMMARY_R_HIST-28,,1,/home/jobs/group/EDW/edw_grp_load_t_rpt_sch_services.sh,edw_grp_load_t_rpt_sch_services.sh,edw_grp_load_t_rpt_sch_services.sh,FORWARD_BFS,INSERT_SELECT,,,T_RPT_SCH,T_RPT_SCH,STATIC_SQL,,,,,,,PACS RPT_CLAIMS,False,SQL_OBJECT_IDENTIFIED,Downstream consumer of EDP_GRP_EDW_LOAD_RPT_CLIENT_DTL_R-17 — 1 hop(s) away (forward BFS)
EDP_GRP_EDW_LOAD_RPT_DICS_CLAIMS_DETAIL_OAC_R-1,RPT_DICS_CLAIMS_DETAIL_OAC_R,EDP_EDW_GRP_VUE_LOAD_FCT_BILLING_POLICY_PREMIUM_R,2,FCT,BACKWARD,,EDP_EDW_GRP_DAILY_LOAD_FCT_BILLING_POLICY_PREMIUM_R_MGIS | EDP_EDW_GRP_LOAD_FCT_BILLING_POLICY_PREMIUM_R_TABLE,193.8709677,/home/jobs/group/EDW/edp_grp_plsql_difw_job_srcsys.sh,edp_grp_plsql_difw_job_srcsys.sh,edp_grp_plsql_difw_job_srcsys.sh,DIFW_QUERY,PACKAGE,ATOMIC,PKG_GRP_LOAD_DIFW,main,PKG_GRP_LOAD_DIFW.main,EXECUTE_IMMEDIATE_DYNAMIC,,,,,,,PKG_GRP_LOAD_DIFW GRP_LOAD_FCT_BILLING_POLICY_PREMIUM_R VUE FCT_SINGLE_SRC,True,DIFW_MISSING_LINEAGE,DIFW job but no SRC/TGT extracted from query | DIFW infra procs: GET_MULTISRCSYS_INSERT → PRC_RECON → GET_MULTISRCSYS_MERGE → TBL_REC_COUNT_JOBWISE → GET_SINGLESRCSYS_MERGE1 → GET_DELETE_LOAD
EDP_GRP_EDW_LOAD_RPT_EMPLOYEE_R-13,RPT_EMPLOYEE_R,Grp_SSL_Populate_T_RPT_SCH_Rpt_All,1,OTHER,FORWARD,EDP_GRP_EDW_LOAD_RPT_EMPLOYEE_R-13,,1,/home/jobs/group/EDW/edw_grp_load_t_rpt_sch_services.sh,edw_grp_load_t_rpt_sch_services.sh,edw_grp_load_t_rpt_sch_services.sh,FORWARD_BFS,INSERT_SELECT,,,T_RPT_SCH,T_RPT_SCH,STATIC_SQL,,,,,,,PACS RPT_ALL,False,SQL_OBJECT_IDENTIFIED,Downstream consumer of EDP_GRP_EDW_LOAD_RPT_EMPLOYEE_R-13 — 1 hop(s) away (forward BFS)
EDP_GRP_EDW_LOAD_RPT_EMPLOYEE_R-13,RPT_EMPLOYEE_R,Grp_SSL_Populate_T_RPT_SCH_Rpt_Claims,2,OTHER,FORWARD,EDP_GRP_EDW_LOAD_RPT_CLAIM_DTL_R-19 | EDP_GRP_EDW_LOAD_RPT_CLAIM_SUM_R-22 | EDP_GRP_EDW_LOAD_RPT_FCT_RPT_CLAIM_SUMMARY_R-24 | EDP_GRP_EDW_LOAD_RPT_FCT_RPT_CLAIM_SUMMARY_R_HIST-28,,1,/home/jobs/group/EDW/edw_grp_load_t_rpt_sch_services.sh,edw_grp_load_t_rpt_sch_services.sh,edw_grp_load_t_rpt_sch_services.sh,FORWARD_BFS,INSERT_SELECT,,,T_RPT_SCH,T_RPT_SCH,STATIC_SQL,,,,,,,PACS RPT_CLAIMS,False,SQL_OBJECT_IDENTIFIED,Downstream consumer of EDP_GRP_EDW_LOAD_RPT_EMPLOYEE_R-13 — 2 hop(s) away (forward BFS)
EDP_GRP_EDW_LOAD_RPT_EMPLOYEE_R-13,RPT_EMPLOYEE_R,EDP_EDW_GATHER_TBL_IDX_STATS - WP_ASSOCIATED_CLAIMS_MV,3,OTHER,FORWARD,EDP_EDW_MV_REFRESH_PORTAL_WP_ASSOCIATED_CLAIMS_MV,,1.05,/home/jobs/group/EDW/edw_grp_gather_tbl_idx_stats.sh,edw_grp_gather_tbl_idx_stats.sh,edw_grp_gather_tbl_idx_stats.sh,FORWARD_BFS,PROCEDURE,ATOMIC,,PRC_GRP_GATHER_TABLE_IDX_STATS,PRC_GRP_GATHER_TABLE_IDX_STATS,DIRECT_PROC_CALL,,,,,,,WP_ASSOCIATED_CLAIMS_MV 8,False,SQL_OBJECT_IDENTIFIED,Downstream consumer of EDP_GRP_EDW_LOAD_RPT_EMPLOYEE_R-13 — 3 hop(s) away (forward BFS)
EDP_GRP_EDW_LOAD_RPT_EMPLOYEE_R-13,RPT_EMPLOYEE_R,EDP_EDW_GATHER_TBL_IDX_STATS - WP_BENEFIT_PAYMENT_HIST_MV,3,OTHER,FORWARD,EDP_EDW_MV_REFRESH_WP_BENEFIT_PAYMENT_HIST_MV,EDP_GRP_EDW_MV_REFRESH_RPT_ASO_CLAIMS_OAC_MV-6,1,/home/jobs/group/EDW/edw_grp_gather_tbl_idx_stats.sh,edw_grp_gather_tbl_idx_stats.sh,edw_grp_gather_tbl_idx_stats.sh,FORWARD_BFS,PROCEDURE,ATOMIC,,PRC_GRP_GATHER_TABLE_IDX_STATS,PRC_GRP_GATHER_TABLE_IDX_STATS,DIRECT_PROC_CALL,,,,,,,WP_BENEFIT_PAYMENT_HIST_MV 8,False,SQL_OBJECT_IDENTIFIED,Downstream consumer of EDP_GRP_EDW_LOAD_RPT_EMPLOYEE_R-13 — 3 hop(s) away (forward BFS)
EDP_GRP_EDW_LOAD_RPT_EMPLOYEE_R-13,RPT_EMPLOYEE_R,EDP_EDW_GATHER_TBL_IDX_STATS - WP_CLAIM_SUMMARY_DETAIL_MV,3,OTHER,FORWARD,EDP_EDW_MV_REFRESH_WP_CLAIM_SUMMARY_DETAIL_MV,EDP_GRP_EDW_MV_REFRESH_RPT_ASO_CLAIMS_OAC_MV-6,1,/home/jobs/group/EDW/edw_grp_gather_tbl_idx_stats.sh,edw_grp_gather_tbl_idx_stats.sh,edw_grp_gather_tbl_idx_stats.sh,FORWARD_BFS,PROCEDURE,ATOMIC,,PRC_GRP_GATHER_TABLE_IDX_STATS,PRC_GRP_GATHER_TABLE_IDX_STATS,DIRECT_PROC_CALL,,,,,,,WP_CLAIM_SUMMARY_DETAIL_MV 8,False,SQL_OBJECT_IDENTIFIED,Downstream consumer of EDP_GRP_EDW_LOAD_RPT_EMPLOYEE_R-13 — 3 hop(s) away (forward BFS)
EDP_GRP_EDW_LOAD_RPT_FCT_RPT_CLAIM_SUMMARY_R-24,RPT_FCT_RPT_CLAIM_SUMMARY_R,Grp_SSL_Populate_T_RPT_SCH_Rpt_Claims,1,OTHER,FORWARD,EDP_GRP_EDW_LOAD_RPT_CLAIM_DTL_R-19 | EDP_GRP_EDW_LOAD_RPT_CLAIM_NOTE_R-18 | EDP_GRP_EDW_LOAD_RPT_CLAIM_PAYMENT_DTL_R-21 | EDP_GRP_EDW_LOAD_RPT_CLAIM_PAYMENT_R-20 | EDP_GRP_EDW_LOAD_RPT_CLAIM_SUM_R-22 | EDP_GRP_EDW_LOAD_RPT_FCT_RPT_CLAIM_SUMMARY_R-24 | EDP_GRP_EDW_LOAD_RPT_FCT_RPT_CLAIM_SUMMARY_R_HIST-28 | EDP_GRP_EDW_LOAD_RPT_POLICY_DTL_R-16,,1,/home/jobs/group/EDW/edw_grp_load_t_rpt_sch_services.sh,edw_grp_load_t_rpt_sch_services.sh,edw_grp_load_t_rpt_sch_services.sh,FORWARD_BFS,INSERT_SELECT,,,T_RPT_SCH,T_RPT_SCH,STATIC_SQL,,,,,,,PACS RPT_CLAIMS,False,SQL_OBJECT_IDENTIFIED,Downstream consumer of EDP_GRP_EDW_LOAD_RPT_FCT_RPT_CLAIM_SUMMARY_R-24 — 1 hop(s) away (forward BFS)
EDP_GRP_EDW_LOAD_RPT_FCT_RPT_CLAIM_SUMMARY_R-24,RPT_FCT_RPT_CLAIM_SUMMARY_R,EDP_EDW_GATHER_TBL_IDX_STATS - WP_CLAIM_SUMMARY_DETAIL_MV,3,OTHER,FORWARD,EDP_EDW_MV_REFRESH_WP_CLAIM_SUMMARY_DETAIL_MV,EDP_GRP_EDW_MV_REFRESH_RPT_ASO_CLAIMS_OAC_MV-6,1,/home/jobs/group/EDW/edw_grp_gather_tbl_idx_stats.sh,edw_grp_gather_tbl_idx_stats.sh,edw_grp_gather_tbl_idx_stats.sh,FORWARD_BFS,PROCEDURE,ATOMIC,,PRC_GRP_GATHER_TABLE_IDX_STATS,PRC_GRP_GATHER_TABLE_IDX_STATS,DIRECT_PROC_CALL,,,,,,,WP_CLAIM_SUMMARY_DETAIL_MV 8,False,SQL_OBJECT_IDENTIFIED,Downstream consumer of EDP_GRP_EDW_LOAD_RPT_FCT_RPT_CLAIM_SUMMARY_R-24 — 3 hop(s) away (forward BFS)
EDP_GRP_EDW_LOAD_RPT_FCT_RPT_CLAIM_SUMMARY_R-24,RPT_FCT_RPT_CLAIM_SUMMARY_R,EDP_EDW_GRP_VUE_LOAD_FCT_BILLING_POLICY_PREMIUM_R,3,FCT,BACKWARD,,EDP_EDW_GRP_DAILY_LOAD_FCT_BILLING_POLICY_PREMIUM_R_MGIS | EDP_EDW_GRP_LOAD_FCT_BILLING_POLICY_PREMIUM_R_TABLE,193.8709677,/home/jobs/group/EDW/edp_grp_plsql_difw_job_srcsys.sh,edp_grp_plsql_difw_job_srcsys.sh,edp_grp_plsql_difw_job_srcsys.sh,DIFW_QUERY,PACKAGE,ATOMIC,PKG_GRP_LOAD_DIFW,main,PKG_GRP_LOAD_DIFW.main,EXECUTE_IMMEDIATE_DYNAMIC,,,,,,,PKG_GRP_LOAD_DIFW GRP_LOAD_FCT_BILLING_POLICY_PREMIUM_R VUE FCT_SINGLE_SRC,True,DIFW_MISSING_LINEAGE,DIFW job but no SRC/TGT extracted from query | DIFW infra procs: GET_MULTISRCSYS_INSERT → PRC_RECON → GET_MULTISRCSYS_MERGE → TBL_REC_COUNT_JOBWISE → GET_SINGLESRCSYS_MERGE1 → GET_DELETE_LOAD
EDP_GRP_EDW_LOAD_RPT_FCT_RPT_CLAIM_SUMMARY_R_HIST-28,RPT_FCT_RPT_CLAIM_SUMMARY_R_HIST,Grp_SSL_Populate_T_RPT_SCH_Rpt_Claims,1,OTHER,FORWARD,EDP_GRP_EDW_LOAD_RPT_CLAIM_DTL_R-19 | EDP_GRP_EDW_LOAD_RPT_CLAIM_NOTE_R-18 | EDP_GRP_EDW_LOAD_RPT_CLAIM_PAYMENT_DTL_R-21 | EDP_GRP_EDW_LOAD_RPT_CLAIM_PAYMENT_R-20 | EDP_GRP_EDW_LOAD_RPT_CLAIM_SUM_R-22 | EDP_GRP_EDW_LOAD_RPT_CLIENT_DTL_R-17 | EDP_GRP_EDW_LOAD_RPT_FCT_RPT_CLAIM_SUMMARY_R-24 | EDP_GRP_EDW_LOAD_RPT_FCT_RPT_CLAIM_SUMMARY_R_HIST-28 | EDP_GRP_EDW_LOAD_RPT_POLICY_DTL_R-16,,1,/home/jobs/group/EDW/edw_grp_load_t_rpt_sch_services.sh,edw_grp_load_t_rpt_sch_services.sh,edw_grp_load_t_rpt_sch_services.sh,FORWARD_BFS,INSERT_SELECT,,,T_RPT_SCH,T_RPT_SCH,STATIC_SQL,,,,,,,PACS RPT_CLAIMS,False,SQL_OBJECT_IDENTIFIED,Downstream consumer of EDP_GRP_EDW_LOAD_RPT_FCT_RPT_CLAIM_SUMMARY_R_HIST-28 — 1 hop(s) away (forward BFS)
EDP_GRP_EDW_LOAD_RPT_FCT_RPT_CLAIM_SUMMARY_R_HIST-28,RPT_FCT_RPT_CLAIM_SUMMARY_R_HIST,EDP_EDW_GRP_VUE_LOAD_FCT_BILLING_POLICY_PREMIUM_R,2,FCT,BACKWARD,,EDP_EDW_GRP_DAILY_LOAD_FCT_BILLING_POLICY_PREMIUM_R_MGIS | EDP_EDW_GRP_LOAD_FCT_BILLING_POLICY_PREMIUM_R_TABLE,193.8709677,/home/jobs/group/EDW/edp_grp_plsql_difw_job_srcsys.sh,edp_grp_plsql_difw_job_srcsys.sh,edp_grp_plsql_difw_job_srcsys.sh,DIFW_QUERY,PACKAGE,ATOMIC,PKG_GRP_LOAD_DIFW,main,PKG_GRP_LOAD_DIFW.main,EXECUTE_IMMEDIATE_DYNAMIC,,,,,,,PKG_GRP_LOAD_DIFW GRP_LOAD_FCT_BILLING_POLICY_PREMIUM_R VUE FCT_SINGLE_SRC,True,DIFW_MISSING_LINEAGE,DIFW job but no SRC/TGT extracted from query | DIFW infra procs: GET_MULTISRCSYS_INSERT → PRC_RECON → GET_MULTISRCSYS_MERGE → TBL_REC_COUNT_JOBWISE → GET_SINGLESRCSYS_MERGE1 → GET_DELETE_LOAD
EDP_GRP_EDW_LOAD_RPT_GRP_PRODUCT_R-14,RPT_GRP_PRODUCT_R,Grp_SSL_Populate_T_RPT_SCH_Rpt_All,1,OTHER,FORWARD,EDP_GRP_EDW_LOAD_RPT_GRP_PRODUCT_R-14,,1,/home/jobs/group/EDW/edw_grp_load_t_rpt_sch_services.sh,edw_grp_load_t_rpt_sch_services.sh,edw_grp_load_t_rpt_sch_services.sh,FORWARD_BFS,INSERT_SELECT,,,T_RPT_SCH,T_RPT_SCH,STATIC_SQL,,,,,,,PACS RPT_ALL,False,SQL_OBJECT_IDENTIFIED,Downstream consumer of EDP_GRP_EDW_LOAD_RPT_GRP_PRODUCT_R-14 — 1 hop(s) away (forward BFS)
EDP_GRP_EDW_LOAD_RPT_GRP_PRODUCT_R-14,RPT_GRP_PRODUCT_R,EDP_EDW_GATHER_TBL_IDX_STATS - WP_ASSOCIATED_CLAIMS_MV,2,OTHER,FORWARD,EDP_EDW_MV_REFRESH_PORTAL_WP_ASSOCIATED_CLAIMS_MV,,1.05,/home/jobs/group/EDW/edw_grp_gather_tbl_idx_stats.sh,edw_grp_gather_tbl_idx_stats.sh,edw_grp_gather_tbl_idx_stats.sh,FORWARD_BFS,PROCEDURE,ATOMIC,,PRC_GRP_GATHER_TABLE_IDX_STATS,PRC_GRP_GATHER_TABLE_IDX_STATS,DIRECT_PROC_CALL,,,,,,,WP_ASSOCIATED_CLAIMS_MV 8,False,SQL_OBJECT_IDENTIFIED,Downstream consumer of EDP_GRP_EDW_LOAD_RPT_GRP_PRODUCT_R-14 — 2 hop(s) away (forward BFS)
EDP_GRP_EDW_LOAD_RPT_GRP_PRODUCT_R-14,RPT_GRP_PRODUCT_R,EDP_EDW_GATHER_TBL_IDX_STATS - WP_BENEFIT_PAYMENT_HIST_MV,2,OTHER,FORWARD,EDP_EDW_MV_REFRESH_WP_BENEFIT_PAYMENT_HIST_MV,EDP_GRP_EDW_MV_REFRESH_RPT_ASO_CLAIMS_OAC_MV-6,1,/home/jobs/group/EDW/edw_grp_gather_tbl_idx_stats.sh,edw_grp_gather_tbl_idx_stats.sh,edw_grp_gather_tbl_idx_stats.sh,FORWARD_BFS,PROCEDURE,ATOMIC,,PRC_GRP_GATHER_TABLE_IDX_STATS,PRC_GRP_GATHER_TABLE_IDX_STATS,DIRECT_PROC_CALL,,,,,,,WP_BENEFIT_PAYMENT_HIST_MV 8,False,SQL_OBJECT_IDENTIFIED,Downstream consumer of EDP_GRP_EDW_LOAD_RPT_GRP_PRODUCT_R-14 — 2 hop(s) away (forward BFS)
EDP_GRP_EDW_LOAD_RPT_GRP_PRODUCT_R-14,RPT_GRP_PRODUCT_R,EDP_EDW_GATHER_TBL_IDX_STATS - WP_CLAIM_SUMMARY_DETAIL_MV,2,OTHER,FORWARD,EDP_EDW_MV_REFRESH_WP_CLAIM_SUMMARY_DETAIL_MV,EDP_GRP_EDW_MV_REFRESH_RPT_ASO_CLAIMS_OAC_MV-6,1,/home/jobs/group/EDW/edw_grp_gather_tbl_idx_stats.sh,edw_grp_gather_tbl_idx_stats.sh,edw_grp_gather_tbl_idx_stats.sh,FORWARD_BFS,PROCEDURE,ATOMIC,,PRC_GRP_GATHER_TABLE_IDX_STATS,PRC_GRP_GATHER_TABLE_IDX_STATS,DIRECT_PROC_CALL,,,,,,,WP_CLAIM_SUMMARY_DETAIL_MV 8,False,SQL_OBJECT_IDENTIFIED,Downstream consumer of EDP_GRP_EDW_LOAD_RPT_GRP_PRODUCT_R-14 — 2 hop(s) away (forward BFS)
EDP_GRP_EDW_LOAD_RPT_GRP_PRODUCT_R-14,RPT_GRP_PRODUCT_R,Grp_SSL_Populate_T_RPT_SCH_Rpt_Claims,2,OTHER,FORWARD,EDP_GRP_EDW_LOAD_RPT_CLAIM_DTL_R-19 | EDP_GRP_EDW_LOAD_RPT_CLAIM_SUM_R-22 | EDP_GRP_EDW_LOAD_RPT_FCT_RPT_CLAIM_SUMMARY_R-24 | EDP_GRP_EDW_LOAD_RPT_FCT_RPT_CLAIM_SUMMARY_R_HIST-28,,1,/home/jobs/group/EDW/edw_grp_load_t_rpt_sch_services.sh,edw_grp_load_t_rpt_sch_services.sh,edw_grp_load_t_rpt_sch_services.sh,FORWARD_BFS,INSERT_SELECT,,,T_RPT_SCH,T_RPT_SCH,STATIC_SQL,,,,,,,PACS RPT_CLAIMS,False,SQL_OBJECT_IDENTIFIED,Downstream consumer of EDP_GRP_EDW_LOAD_RPT_GRP_PRODUCT_R-14 — 2 hop(s) away (forward BFS)
EDP_GRP_EDW_LOAD_RPT_POLICY_DTL_R-16,RPT_POLICY_DTL_R,EDP_EDW_GRP_VUE_LOAD_FCT_BILLING_POLICY_PREMIUM_R,1,FCT,BACKWARD,,EDP_EDW_GRP_DAILY_LOAD_FCT_BILLING_POLICY_PREMIUM_R_MGIS | EDP_EDW_GRP_LOAD_FCT_BILLING_POLICY_PREMIUM_R_TABLE,193.8709677,/home/jobs/group/EDW/edp_grp_plsql_difw_job_srcsys.sh,edp_grp_plsql_difw_job_srcsys.sh,edp_grp_plsql_difw_job_srcsys.sh,DIFW_QUERY,PACKAGE,ATOMIC,PKG_GRP_LOAD_DIFW,main,PKG_GRP_LOAD_DIFW.main,EXECUTE_IMMEDIATE_DYNAMIC,,,,,,,PKG_GRP_LOAD_DIFW GRP_LOAD_FCT_BILLING_POLICY_PREMIUM_R VUE FCT_SINGLE_SRC,True,DIFW_MISSING_LINEAGE,DIFW job but no SRC/TGT extracted from query | DIFW infra procs: GET_MULTISRCSYS_INSERT → PRC_RECON → GET_MULTISRCSYS_MERGE → TBL_REC_COUNT_JOBWISE → GET_SINGLESRCSYS_MERGE1 → GET_DELETE_LOAD
EDP_GRP_EDW_LOAD_RPT_POLICY_DTL_R-16,RPT_POLICY_DTL_R,Grp_SSL_Populate_T_RPT_SCH_Rpt_Claims,1,OTHER,FORWARD,EDP_GRP_EDW_LOAD_RPT_CLAIM_SUM_R-22 | EDP_GRP_EDW_LOAD_RPT_FCT_RPT_CLAIM_SUMMARY_R-24 | EDP_GRP_EDW_LOAD_RPT_FCT_RPT_CLAIM_SUMMARY_R_HIST-28 | EDP_GRP_EDW_LOAD_RPT_POLICY_DTL_R-16,,1,/home/jobs/group/EDW/edw_grp_load_t_rpt_sch_services.sh,edw_grp_load_t_rpt_sch_services.sh,edw_grp_load_t_rpt_sch_services.sh,FORWARD_BFS,INSERT_SELECT,,,T_RPT_SCH,T_RPT_SCH,STATIC_SQL,,,,,,,PACS RPT_CLAIMS,False,SQL_OBJECT_IDENTIFIED,Downstream consumer of EDP_GRP_EDW_LOAD_RPT_POLICY_DTL_R-16 — 1 hop(s) away (forward BFS)
EDP_GRP_EDW_LOAD_RPT_POLICY_DTL_R-16,RPT_POLICY_DTL_R,EDP_EDW_GATHER_TBL_IDX_STATS - WP_BENEFIT_PAYMENT_HIST_MV,2,OTHER,FORWARD,EDP_EDW_MV_REFRESH_WP_BENEFIT_PAYMENT_HIST_MV,EDP_GRP_EDW_MV_REFRESH_RPT_ASO_CLAIMS_OAC_MV-6,1,/home/jobs/group/EDW/edw_grp_gather_tbl_idx_stats.sh,edw_grp_gather_tbl_idx_stats.sh,edw_grp_gather_tbl_idx_stats.sh,FORWARD_BFS,PROCEDURE,ATOMIC,,PRC_GRP_GATHER_TABLE_IDX_STATS,PRC_GRP_GATHER_TABLE_IDX_STATS,DIRECT_PROC_CALL,,,,,,,WP_BENEFIT_PAYMENT_HIST_MV 8,False,SQL_OBJECT_IDENTIFIED,Downstream consumer of EDP_GRP_EDW_LOAD_RPT_POLICY_DTL_R-16 — 2 hop(s) away (forward BFS)
EDP_GRP_EDW_LOAD_RPT_POLICY_DTL_R-16,RPT_POLICY_DTL_R,EDP_EDW_GATHER_TBL_IDX_STATS - WP_CLAIM_SUMMARY_DETAIL_MV,2,OTHER,FORWARD,EDP_EDW_MV_REFRESH_WP_CLAIM_SUMMARY_DETAIL_MV,EDP_GRP_EDW_MV_REFRESH_RPT_ASO_CLAIMS_OAC_MV-6,1,/home/jobs/group/EDW/edw_grp_gather_tbl_idx_stats.sh,edw_grp_gather_tbl_idx_stats.sh,edw_grp_gather_tbl_idx_stats.sh,FORWARD_BFS,PROCEDURE,ATOMIC,,PRC_GRP_GATHER_TABLE_IDX_STATS,PRC_GRP_GATHER_TABLE_IDX_STATS,DIRECT_PROC_CALL,,,,,,,WP_CLAIM_SUMMARY_DETAIL_MV 8,False,SQL_OBJECT_IDENTIFIED,Downstream consumer of EDP_GRP_EDW_LOAD_RPT_POLICY_DTL_R-16 — 2 hop(s) away (forward BFS)
EDP_GRP_EDW_LOAD_RPT_POLICY_DTL_R-16,RPT_POLICY_DTL_R,EDP_EDW_GATHER_TBL_IDX_STATS - WP_ASSOCIATED_CLAIMS_MV,3,OTHER,FORWARD,EDP_EDW_MV_REFRESH_PORTAL_WP_ASSOCIATED_CLAIMS_MV,,1.05,/home/jobs/group/EDW/edw_grp_gather_tbl_idx_stats.sh,edw_grp_gather_tbl_idx_stats.sh,edw_grp_gather_tbl_idx_stats.sh,FORWARD_BFS,PROCEDURE,ATOMIC,,PRC_GRP_GATHER_TABLE_IDX_STATS,PRC_GRP_GATHER_TABLE_IDX_STATS,DIRECT_PROC_CALL,,,,,,,WP_ASSOCIATED_CLAIMS_MV 8,False,SQL_OBJECT_IDENTIFIED,Downstream consumer of EDP_GRP_EDW_LOAD_RPT_POLICY_DTL_R-16 — 3 hop(s) away (forward BFS)
